size,time,local,filesystem,branches,process
2175779242,16.1397,false,hdfs,50,true
2195824852,14.0215,false,hdfs,50,true
2113101695,1644.68,true,zfs,50,true
2905022571,96.5744,true,zfs,50,true
2966125962,18.8143,false,hdfs,50,true
2805564807,1059.16,true,zfs,50,true
2132634831,12.072,false,hdfs,50,true
2473689089,23.9271,false,hdfs,50,true
2748137809,1168.69,true,zfs,50,true
2595536131,18.2299,false,hdfs,50,true
293928252,282.158,true,zfs,50,true
1896926809,1991.02,true,zfs,50,true
2622652363,15.0314,false,hdfs,50,true
2770476308,15.1911,false,hdfs,50,true
2900625438,22.5294,false,hdfs,50,true
2778334754,1263.9,true,zfs,50,true
2891680911,227.662,true,zfs,50,true
2537734261,18.5795,false,hdfs,50,true
2607268085,18.3051,false,hdfs,50,true
2016224435,12.3469,false,hdfs,50,true
2750348816,94.4924,false,hdfs,50,true
2588499432,1952.05,true,zfs,50,true
2899750614,21.8065,false,hdfs,50,true
2930616096,17.9992,false,hdfs,50,true
2636486642,17.1293,false,hdfs,50,true
2622177016,13.1994,false,hdfs,50,true
3218051189,266.28,true,zfs,50,true
2304549477,610.75,true,zfs,50,true
2670919200,78.0294,false,hdfs,50,true
2586279535,18.4306,false,hdfs,50,true
3029748768,17.9736,false,hdfs,50,true
2697213276,17.4037,false,hdfs,50,true
2594351211,949.848,true,zfs,50,true
2339982738,19.7038,false,hdfs,50,true
2685254823,104.622,false,hdfs,50,true
3084103168,23.9501,false,hdfs,50,true
2694501903,180.828,true,zfs,50,true
1904811070,1000.51,true,zfs,50,true
3047632917,21.5119,false,hdfs,50,true
2715488424,1422.81,true,zfs,50,true
3180500134,29.2535,false,hdfs,50,true
2467101135,14.8854,false,hdfs,50,true
2442263588,1719.4,true,zfs,50,true
2842494758,17.9684,false,hdfs,50,true
2563572106,1586.92,true,zfs,50,true
3197757944,17.3489,false,hdfs,50,true
2853716439,2051.93,true,zfs,50,true
2389834698,798.274,true,zfs,50,true
2282995581,11.4207,false,hdfs,50,true
2093113353,11.9066,false,hdfs,50,true
2426848113,798.275,true,zfs,50,true
2486215168,761.57,true,zfs,50,true
2015543742,11.6328,false,hdfs,50,true
3049322502,22.1646,false,hdfs,50,true
2382002935,12.7772,false,hdfs,50,true
2294930721,16.958,false,hdfs,50,true
3242141112,19.5555,false,hdfs,50,true
2609431546,1742.27,true,zfs,50,true
2935306989,226.008,true,zfs,50,true
2745865059,1764.58,true,zfs,50,true
2527554361,391.627,true,zfs,50,true
3046512446,15.176,false,hdfs,50,true
2538821436,15.6703,false,hdfs,50,true
2433292719,66.6502,false,hdfs,50,true
2609447578,13.2939,false,hdfs,50,true
2706013868,1303.65,true,zfs,50,true
2778688237,2478.76,true,zfs,50,true
3208551770,23.4943,false,hdfs,50,true
2273095683,42.8399,true,zfs,50,true
2691394103,1789.59,true,zfs,50,true
3123065939,1179.89,true,zfs,50,true
1414614209,369.703,true,zfs,50,true
2770842721,16.0089,false,hdfs,50,true
2508466546,11.6364,false,hdfs,50,true
1999768753,11.2068,false,hdfs,50,true
2958790608,21.361,false,hdfs,50,true
3228161919,2531.64,true,zfs,50,true
3311262354,26.3003,false,hdfs,50,true
2227517607,34.4177,true,zfs,50,true
2848407847,16.5563,false,hdfs,50,true
3024610747,440.422,true,zfs,50,true
2753680403,2270.05,true,zfs,50,true
2910110248,21.5848,false,hdfs,50,true
2126279259,11.5628,false,hdfs,50,true
2209846120,1205.89,true,zfs,50,true
2512574352,798.491,true,zfs,50,true
2390135294,12.2949,false,hdfs,50,true
2798529954,1809.81,true,zfs,50,true
2781351732,17.1506,false,hdfs,50,true
2825964005,50.8917,false,hdfs,50,true
2631932375,14.3533,false,hdfs,50,true
2111941352,25.8476,false,hdfs,50,true
831114077,5.60023,false,hdfs,50,true
2379959688,12.4954,false,hdfs,50,true
2936188226,22.6844,false,hdfs,50,true
2869108867,16.5528,false,hdfs,50,true
2144004586,16.1192,false,hdfs,50,true
2323558742,1707.08,true,zfs,50,true
3043793239,18.1754,false,hdfs,50,true
2456069195,18.4377,false,hdfs,50,true
1947495538,1313.37,true,zfs,50,true
2537997493,420.672,true,zfs,50,true
3019400370,18.1166,false,hdfs,50,true
3020515272,912.549,true,zfs,50,true
2592156266,750.476,true,zfs,50,true
2152171494,13.7125,false,hdfs,50,true
3434055760,28.6398,false,hdfs,50,true
3131444118,1311.97,true,zfs,50,true
3014807424,18.5354,false,hdfs,50,true
2356738244,1370.27,true,zfs,50,true
2182851484,1205.77,true,zfs,50,true
2054772891,1703.24,true,zfs,50,true
1992795401,379.379,true,zfs,50,true
2931787123,1707.41,true,zfs,50,true
2510900488,18.7104,false,hdfs,50,true
2294769590,1440.87,true,zfs,50,true
2394292985,14.1738,false,hdfs,50,true
3023284311,23.6947,false,hdfs,50,true
2615939585,15.1399,false,hdfs,50,true
2865272544,2061.36,true,zfs,50,true
2726739888,1264.62,true,zfs,50,true
2484708911,316.709,true,zfs,50,true
3335816886,1523.94,true,zfs,50,true
2784754013,1964.01,true,zfs,50,true
3160866299,23.4373,false,hdfs,50,true
3048099754,13.2437,false,hdfs,50,true
2763071205,21.0341,false,hdfs,50,true
2295802135,757.864,true,zfs,50,true
2935366621,26.8161,false,hdfs,50,true
2433933355,14.2238,false,hdfs,50,true
2526258843,1988.85,true,zfs,50,true
3186052857,1031.97,true,zfs,50,true
2602474490,19.5532,false,hdfs,50,true
2509465367,16.7091,false,hdfs,50,true
2214561215,1880.52,true,zfs,50,true
2590292393,1595.88,true,zfs,50,true
2935891787,1270.76,true,zfs,50,true
3430163636,29.6246,false,hdfs,50,true
2749164267,1515.58,true,zfs,50,true
2457007436,14.9276,false,hdfs,50,true
2734648172,15.5688,false,hdfs,50,true
2542580748,21.9825,false,hdfs,50,true
2485201039,2023.67,true,zfs,50,true
2335498226,18.121,false,hdfs,50,true
2134780409,17.647,false,hdfs,50,true
3085078428,1201.57,true,zfs,50,true
2657458695,1961.99,true,zfs,50,true
3087995446,19.8241,false,hdfs,50,true
2672167664,952.031,true,zfs,50,true
2315592560,11.5815,false,hdfs,50,true
2875194346,20.9997,false,hdfs,50,true
2753361009,1643.17,true,zfs,50,true
2750284654,15.4048,false,hdfs,50,true
2871554342,245.241,true,zfs,50,true
2403779104,1763.62,true,zfs,50,true
2786724991,30.4957,false,hdfs,50,true
2449315273,13.9274,false,hdfs,50,true
2374952481,14.8369,false,hdfs,50,true
2746615087,1280.81,true,zfs,50,true
3065890241,21.2343,false,hdfs,50,true
2592461825,1476.38,true,zfs,50,true
2549406644,12.6362,false,hdfs,50,true
2916647220,25.4285,false,hdfs,50,true
2653345568,1111.12,true,zfs,50,true
2574741408,875.202,true,zfs,50,true
2439388783,12.7911,false,hdfs,50,true
3046763177,265.968,true,zfs,50,true
2168508539,13.8278,false,hdfs,50,true
2403339553,16.6766,false,hdfs,50,true
2574356266,1419.61,true,zfs,50,true
3019642557,1529.54,true,zfs,50,true
2378484721,1142.4,true,zfs,50,true
1849836761,1295.36,true,zfs,50,true
3436934874,604.324,true,zfs,50,true
3249658240,24.0185,false,hdfs,50,true
2699206499,18.3202,false,hdfs,50,true
2723584835,16.2633,false,hdfs,50,true
1612857383,8.95531,false,hdfs,50,true
3270538869,1947.3,true,zfs,50,true
2484252448,14.0964,false,hdfs,50,true
1955366098,13.1362,false,hdfs,50,true
2255114603,16.7335,false,hdfs,50,true
2630652662,16.5951,false,hdfs,50,true
2838812554,1867.12,true,zfs,50,true
3275428610,30.7382,false,hdfs,50,true
2786958543,1599.08,true,zfs,50,true
2098906510,391.709,true,zfs,50,true
2363913540,13.6018,false,hdfs,50,true
3563068882,24.9585,false,hdfs,50,true
2447107336,1270.4,true,zfs,50,true
2382644461,1531.57,true,zfs,50,true
2339367691,10.3437,false,hdfs,50,true
3073179818,1014.34,true,zfs,50,true
2653555531,16.9182,false,hdfs,50,true
2150299891,15.7749,false,hdfs,50,true
2462273760,1495.61,true,zfs,50,true
2240151947,23.0732,false,hdfs,50,true
2019358509,10.9907,false,hdfs,50,true
1834731240,11.6393,false,hdfs,50,true
2185145731,2091.8,true,zfs,50,true
2559746432,284.546,true,zfs,50,true
2941605641,1660.14,true,zfs,50,true
2664351953,17.5152,false,hdfs,50,true
2921544845,1837.73,true,zfs,50,true
2283876256,17.4914,false,hdfs,50,true
3150698301,20.5599,false,hdfs,50,true
2460069904,1264.46,true,zfs,50,true
2520551282,15.4474,false,hdfs,50,true
2521918745,16.5877,false,hdfs,50,true
2555450376,1377.33,true,zfs,50,true
2972024854,1866.48,true,zfs,50,true
1977122259,1104.46,true,zfs,50,true
2526260388,18.4003,false,hdfs,50,true
2830308181,23.6367,false,hdfs,50,true
2801136445,17.7889,false,hdfs,50,true
2225083887,1596.86,true,zfs,50,true
2588395871,18.5494,false,hdfs,50,true
2514509159,607.371,true,zfs,50,true
2421906603,1067.3,true,zfs,50,true
2558202424,14.7039,false,hdfs,50,true
2713537878,24.7458,false,hdfs,50,true
3364589773,1259.81,true,zfs,50,true
2837319789,1107.48,true,zfs,50,true
2520734643,12.5398,false,hdfs,50,true
2200790720,788.506,true,zfs,50,true
2492717121,982.442,true,zfs,50,true
2718657908,2495.58,true,zfs,50,true
3256016728,20.4854,false,hdfs,50,true
2931972078,1568.56,true,zfs,50,true
2039997595,1570.35,true,zfs,50,true
2994262414,558.034,true,zfs,50,true
1758855902,9.30063,false,hdfs,50,true
2527333064,15.4885,false,hdfs,50,true
2295355525,792.189,true,zfs,50,true
2410791653,12.7895,false,hdfs,50,true
2397507955,1627.56,true,zfs,50,true
2452097684,1319.43,true,zfs,50,true
2241265945,13.6665,false,hdfs,50,true
3438606889,23.5846,false,hdfs,50,true
3106300653,553.554,true,zfs,50,true
3104069302,28.4459,false,hdfs,50,true
3507300194,2271.21,true,zfs,50,true
3072618296,17.9277,false,hdfs,50,true
2465545533,14.1535,false,hdfs,50,true
3034620086,25.7375,false,hdfs,50,true
2811951193,13.2084,false,hdfs,50,true
2571714592,14.9927,false,hdfs,50,true
2261029662,15.9904,false,hdfs,50,true
2960105670,568.267,true,zfs,50,true
3427914727,555.947,true,zfs,50,true
3305696845,22.9706,false,hdfs,50,true
2518525383,938.188,true,zfs,50,true
3068431440,21.088,false,hdfs,50,true
2445212148,13.97,false,hdfs,50,true
2872776222,21.0307,false,hdfs,50,true
2593130868,13.8549,false,hdfs,50,true
2594030765,18.5019,false,hdfs,50,true
2493315498,280.342,true,zfs,50,true
2615943607,317.198,true,zfs,50,true
2479465478,1380.18,true,zfs,50,true
2276031930,12.2969,false,hdfs,50,true
3130932652,24.4123,false,hdfs,50,true
2389840742,2450.13,true,zfs,50,true
2746915345,1083.99,true,zfs,50,true
1834399416,11.4784,false,hdfs,50,true
2837827541,570.873,true,zfs,50,true
1954340094,972.396,true,zfs,50,true
3119556351,1381.82,true,zfs,50,true
2261329384,12.8873,false,hdfs,50,true
2459685613,14.1511,false,hdfs,50,true
2596182512,16.9222,false,hdfs,50,true
2811677863,14.04,false,hdfs,50,true
2747713802,17.7364,false,hdfs,50,true
3021474241,18.2336,false,hdfs,50,true
2643884243,1289.94,true,zfs,50,true
2749838530,1363.61,true,zfs,50,true
2488341627,16.7505,false,hdfs,50,true
2688109425,23.0531,false,hdfs,50,true
2248450801,12.2521,false,hdfs,50,true
2651864330,935.257,true,zfs,50,true
2322408453,12.489,false,hdfs,50,true
2627059208,15.9661,false,hdfs,50,true
2980167805,1423.49,true,zfs,50,true
2330279160,625.169,true,zfs,50,true
2679820179,1356.64,true,zfs,50,true
2747625125,16.6567,false,hdfs,50,true
3037325045,1338.85,true,zfs,50,true
2133146599,11.8412,false,hdfs,50,true
2741409275,19.9901,false,hdfs,50,true
2349448434,13.4706,false,hdfs,50,true
2649745960,18.8326,false,hdfs,50,true
2410943486,11.738,false,hdfs,50,true
2810697703,652.08,true,zfs,50,true
2389078070,12.5381,false,hdfs,50,true
2723193366,15.2898,false,hdfs,50,true
2732888694,859.771,true,zfs,50,true
2331422578,1624.13,true,zfs,50,true
2735188127,17.6593,false,hdfs,50,true
3017763578,1359.59,true,zfs,50,true
2488964446,19.3532,false,hdfs,50,true
2530958051,15.2361,false,hdfs,50,true
2993329380,1865.56,true,zfs,50,true
1905685924,1868.39,true,zfs,50,true
2337279805,16.2796,false,hdfs,50,true
2387022294,13.0229,false,hdfs,50,true
2784891580,21.6596,false,hdfs,50,true
2914889697,17.4899,false,hdfs,50,true
2692873091,13.1727,false,hdfs,50,true
2670086462,19.24,false,hdfs,50,true
2925544393,733.177,true,zfs,50,true
2146317429,1858.35,true,zfs,50,true
3166811432,1354.92,true,zfs,50,true
2699271465,883.052,true,zfs,50,true
2401928170,13.6694,false,hdfs,50,true
2962919459,17.707,false,hdfs,50,true
2699548505,570.632,true,zfs,50,true
2912219809,22.6239,false,hdfs,50,true
3266290244,22.4657,false,hdfs,50,true
3058352121,18.9371,false,hdfs,50,true
2876230558,2480.57,true,zfs,50,true
2429771279,373.677,true,zfs,50,true
2739632555,17.6763,false,hdfs,50,true
2422602064,13.7845,false,hdfs,50,true
2470620115,15.6137,false,hdfs,50,true
3122179915,1873.5,true,zfs,50,true
3195648354,765.687,true,zfs,50,true
2315908541,13.2782,false,hdfs,50,true
2995322045,23.0759,false,hdfs,50,true
2014951129,1570.87,true,zfs,50,true
2981199617,22.0924,false,hdfs,50,true
2670752866,1507.22,true,zfs,50,true
2365443116,1332.6,true,zfs,50,true
2787150525,16.9637,false,hdfs,50,true
2969534551,15.8899,false,hdfs,50,true
2549251233,1289.38,true,zfs,50,true
2755551440,18.5462,false,hdfs,50,true
2774379619,2091.29,true,zfs,50,true
3264312427,21.5886,false,hdfs,50,true
2183797296,12.0351,false,hdfs,50,true
2179646200,1438.51,true,zfs,50,true
2920014035,29.1925,false,hdfs,50,true
2765658541,1750.13,true,zfs,50,true
2166402077,1011.88,true,zfs,50,true
2768887610,15.759,false,hdfs,50,true
3508200737,23.1614,false,hdfs,50,true
2810671088,2093.45,true,zfs,50,true
2777425502,15.855,false,hdfs,50,true
2707716043,1886.44,true,zfs,50,true
2559386591,16.8831,false,hdfs,50,true
2870183857,17.5715,false,hdfs,50,true
2728080210,573.779,true,zfs,50,true
1710016836,18.1124,false,hdfs,50,true
3139945973,23.6882,false,hdfs,50,true
2979178131,20.297,false,hdfs,50,true
2774804344,446.918,true,zfs,50,true
2752661622,1349.15,true,zfs,50,true
3066295114,17.8348,false,hdfs,50,true
3349296233,24.4941,false,hdfs,50,true
1887920501,10.0202,false,hdfs,50,true
2957819414,22.1561,false,hdfs,50,true
3067914722,2525.74,true,zfs,50,true
2581192079,1788.62,true,zfs,50,true
2306318037,10.9692,false,hdfs,50,true
2394237273,938.137,true,zfs,50,true
2515529979,932.22,true,zfs,50,true
2631450737,1107.62,true,zfs,50,true
2189922996,18.6007,false,hdfs,50,true
2188166908,1785.84,true,zfs,50,true
2598965730,215.721,true,zfs,50,true
2888417660,14.6059,false,hdfs,50,true
2297262398,12.0703,false,hdfs,50,true
2455933882,14.5296,false,hdfs,50,true
2488926623,697.829,true,zfs,50,true
3165458924,756.414,true,zfs,50,true
2495042257,1210.98,true,zfs,50,true
2238883417,1499.7,true,zfs,50,true
2292218233,757.433,true,zfs,50,true
2927859908,25.1879,false,hdfs,50,true
2510910305,1507.41,true,zfs,50,true
1995781647,11.0226,false,hdfs,50,true
2419398422,15.1302,false,hdfs,50,true
2246933007,15.686,false,hdfs,50,true
3045105703,19.5069,false,hdfs,50,true
1937705357,20.4951,false,hdfs,50,true
3543942064,2451.07,true,zfs,50,true
2572579779,511.035,true,zfs,50,true
3223252257,1714.15,true,zfs,50,true
2614603552,1319.09,true,zfs,50,true
2825801170,23.2556,false,hdfs,50,true
3327720524,1852.66,true,zfs,50,true
1846461725,12.6548,false,hdfs,50,true
2651833532,14.2772,false,hdfs,50,true
2934504542,18.155,false,hdfs,50,true
2117750225,14.5412,false,hdfs,50,true
1601538565,13.898,false,hdfs,50,true
2936582539,20.7138,false,hdfs,50,true
2721127940,1286.62,true,zfs,50,true
2893183908,2511.76,true,zfs,50,true
3090011871,14.2838,false,hdfs,50,true
2160697143,1517.08,true,zfs,50,true
2620973029,1340.5,true,zfs,50,true
2177781925,18.2919,false,hdfs,50,true
2497080381,212.082,true,zfs,50,true
2419143940,1289.85,true,zfs,50,true
2186903100,12.2325,false,hdfs,50,true
3387783688,20.3319,false,hdfs,50,true
2273257722,13.4096,false,hdfs,50,true
2412432832,20.52,false,hdfs,50,true
2398714795,14.1849,false,hdfs,50,true
2302355277,1137.18,true,zfs,50,true
3062916892,1802.38,true,zfs,50,true
2115471575,12.4813,false,hdfs,50,true
2121551783,1385,true,zfs,50,true
3025698090,452.944,true,zfs,50,true
2646561150,22.7999,false,hdfs,50,true
2877155952,1336.38,true,zfs,50,true
2422603145,972.572,true,zfs,50,true
2498578591,280.58,true,zfs,50,true
2911043757,16.3572,false,hdfs,50,true
2588439816,1503.65,true,zfs,50,true
2625834074,1706.67,true,zfs,50,true
3118155128,19.7108,false,hdfs,50,true
2305394877,12.2724,false,hdfs,50,true
2118376505,474.776,true,zfs,50,true
3109063397,23.5534,false,hdfs,50,true
2075995166,990.903,true,zfs,50,true
3246213634,24.0927,false,hdfs,50,true
2316380122,12.1965,false,hdfs,50,true
2113786998,12.6792,false,hdfs,50,true
2136720568,16.4324,false,hdfs,50,true
2323070025,671.59,true,zfs,50,true
2629312303,26.3743,false,hdfs,50,true
2168101790,12.121,false,hdfs,50,true
3303737818,25.5415,false,hdfs,50,true
2862461956,615.639,true,zfs,50,true
2955237770,37.9633,false,hdfs,50,true
2961078914,30.8569,false,hdfs,50,true
2810374108,17.4887,false,hdfs,50,true
2491969571,15.689,false,hdfs,50,true
3153466155,623.271,true,zfs,50,true
1978440071,10.9032,false,hdfs,50,true
2553609177,1599.58,true,zfs,50,true
2908058909,284.659,true,zfs,50,true
2683976564,15.8932,false,hdfs,50,true
2867374350,754.073,true,zfs,50,true
2852902350,1647.83,true,zfs,50,true
2874760854,814.509,true,zfs,50,true
2571313042,19.1324,false,hdfs,50,true
2645603941,678.993,true,zfs,50,true
2501146985,865.331,true,zfs,50,true
3024023539,1380.76,true,zfs,50,true
2351317310,13.3476,false,hdfs,50,true
2195120789,46.4926,true,zfs,50,true
2086217809,1851.1,true,zfs,50,true
2890726965,1381.23,true,zfs,50,true
1755463898,623.333,true,zfs,50,true
2607125976,12.7241,false,hdfs,50,true
2557189806,16.9277,false,hdfs,50,true
2781102085,1467.19,true,zfs,50,true
2907172457,1178.14,true,zfs,50,true
2963720143,1297.67,true,zfs,50,true
2654363059,29.0707,false,hdfs,50,true
2439674837,16.9502,false,hdfs,50,true
2938781593,24.001,false,hdfs,50,true
3007747295,632.575,true,zfs,50,true
2494021169,940.523,true,zfs,50,true
2824173540,18.2841,false,hdfs,50,true
3297695015,20.2574,false,hdfs,50,true
2627352548,20.2356,false,hdfs,50,true
2512663637,15.1367,false,hdfs,50,true
2050445273,661.549,true,zfs,50,true
3010853191,20.7271,false,hdfs,50,true
2545952291,14.9986,false,hdfs,50,true
1030324936,826.363,true,zfs,50,true
2863693200,18.4661,false,hdfs,50,true
2946059345,27.0021,false,hdfs,50,true
2577073639,1562.65,true,zfs,50,true
2158005300,661.675,true,zfs,50,true
2840812129,17.2126,false,hdfs,50,true
2420386829,1208.16,true,zfs,50,true
2661957521,19.8568,false,hdfs,50,true
2491548109,12.9176,false,hdfs,50,true
2501350829,16.2618,false,hdfs,50,true
2000467172,1348.72,true,zfs,50,true
3367517137,14.6905,false,hdfs,50,true
2669927779,20.5651,false,hdfs,50,true
2727604904,1785.17,true,zfs,50,true
2601752044,17.6342,false,hdfs,50,true
3287790019,17.3909,false,hdfs,50,true
2743638947,1138.64,true,zfs,50,true
2496979587,179.22,true,zfs,50,true
3107969157,1802.17,true,zfs,50,true
2309940504,978.507,true,zfs,50,true
3186055324,18.7556,false,hdfs,50,true
2530847081,12.5758,false,hdfs,50,true
2900924807,2484.28,true,zfs,50,true
2425422659,16.7898,false,hdfs,50,true
1999618732,10.2053,false,hdfs,50,true
3021474241,72.679,true,zfs,50,true
3421037768,924.901,true,zfs,50,true
2799762677,21.5405,false,hdfs,50,true
2933252266,17.7767,false,hdfs,50,true
2436016416,17.6144,false,hdfs,50,true
2305882062,10.8343,false,hdfs,50,true
2542445896,14.6082,false,hdfs,50,true
2988829010,17.348,false,hdfs,50,true
3018283253,1219.24,true,zfs,50,true
2314694952,174.375,true,zfs,50,true
2797144639,1462.8,true,zfs,50,true
3089987575,19.0603,false,hdfs,50,true
2813762753,17.1869,false,hdfs,50,true
2841434976,482.836,true,zfs,50,true
2196546879,15.5884,false,hdfs,50,true
2697665875,156.028,true,zfs,50,true
2161508220,2092.37,true,zfs,50,true
2204847262,17.1289,false,hdfs,50,true
2973973685,16.1198,false,hdfs,50,true
2189055889,1712.26,true,zfs,50,true
2417763672,19.8734,false,hdfs,50,true
2704618205,13.9906,false,hdfs,50,true
2873002402,23.9723,false,hdfs,50,true
2376397317,1627.64,true,zfs,50,true
2411599065,18.385,false,hdfs,50,true
2544417328,1659.76,true,zfs,50,true
2587847198,839.512,true,zfs,50,true
3047746132,1728.95,true,zfs,50,true
2047377152,2460.03,true,zfs,50,true
3193337997,94.8755,true,zfs,50,true
2433235953,14.3756,false,hdfs,50,true
3116528499,26.4226,false,hdfs,50,true
2633761226,19.828,false,hdfs,50,true
2931498792,21.0898,false,hdfs,50,true
2635011620,14.0998,false,hdfs,50,true
2390209919,1963.02,true,zfs,50,true
2679576123,19.7204,false,hdfs,50,true
2004177115,1371.84,true,zfs,50,true
2191500255,1728.28,true,zfs,50,true
2754435373,16.9085,false,hdfs,50,true
2138250316,11.6016,false,hdfs,50,true
2734432641,25.1169,false,hdfs,50,true
2968740679,16.8661,false,hdfs,50,true
2706200938,18.3088,false,hdfs,50,true
2205747603,195.005,true,zfs,50,true
2807274066,642.666,true,zfs,50,true
2847989447,2168.89,true,zfs,50,true
2989971121,16.5482,false,hdfs,50,true
2872965655,19.3206,false,hdfs,50,true
2049310876,20.3753,false,hdfs,50,true
2836013269,1519.35,true,zfs,50,true
2294293868,971.463,true,zfs,50,true
2691850487,1322.59,true,zfs,50,true
3032286989,14.3725,false,hdfs,50,true
3184035849,26.0806,false,hdfs,50,true
2556963426,20.6212,false,hdfs,50,true
2910043935,21.8379,false,hdfs,50,true
3153591106,15.8548,false,hdfs,50,true
1861969837,1869.09,true,zfs,50,true
2749762684,27.6322,false,hdfs,50,true
3458728473,1295.38,true,zfs,50,true
2134342121,11.2284,false,hdfs,50,true
2864134334,69.6395,false,hdfs,50,true
2493987336,1762.49,true,zfs,50,true
2837225753,18.6362,false,hdfs,50,true
2675904697,1772.89,true,zfs,50,true
3696566217,27.4973,false,hdfs,50,true
3002783996,24.1731,false,hdfs,50,true
1751293168,9.37791,false,hdfs,50,true
2562612132,23.7904,false,hdfs,50,true
2156640709,14.7579,false,hdfs,50,true
3394299373,19.5299,false,hdfs,50,true
2833898428,14.9177,false,hdfs,50,true
2067390317,2043.95,true,zfs,50,true
2374340479,19.0942,false,hdfs,50,true
2594766337,2334.02,true,zfs,50,true
2720606810,17.5472,false,hdfs,50,true
2794253209,18.6744,false,hdfs,50,true
2335697475,12.5599,false,hdfs,50,true
2941051743,16.8421,false,hdfs,50,true
2516212399,18.6711,false,hdfs,50,true
3062984079,2225.1,true,zfs,50,true
2566504884,1771.12,true,zfs,50,true
2956848231,64.7765,false,hdfs,50,true
1393492921,7.29819,false,hdfs,50,true
2277489921,1457.33,true,zfs,50,true
2655052742,18.4343,false,hdfs,50,true
2672763758,15.2946,false,hdfs,50,true
2642483206,29.0407,false,hdfs,50,true
2504932171,19.519,false,hdfs,50,true
3092582754,1713.41,true,zfs,50,true
2734670461,17.4788,false,hdfs,50,true
2812881819,16.8916,false,hdfs,50,true
2069818897,499.866,true,zfs,50,true
3254865306,17.4451,false,hdfs,50,true
3035830003,1046.04,true,zfs,50,true
2411560876,15.3224,false,hdfs,50,true
2801610798,72.3211,false,hdfs,50,true
2520669628,15.9611,false,hdfs,50,true
2637914529,1874.8,true,zfs,50,true
3068425982,1463.08,true,zfs,50,true
2399132704,14.5881,false,hdfs,50,true
3109161798,17.2776,false,hdfs,50,true
2899298504,1214.07,true,zfs,50,true
3295505663,20.6045,false,hdfs,50,true
1930087601,11.255,false,hdfs,50,true
2699413870,2179.75,true,zfs,50,true
2474763856,1481.44,true,zfs,50,true
3020389872,55.4274,false,hdfs,50,true
2227517607,12.5158,false,hdfs,50,true
1923231529,9.70696,false,hdfs,50,true
2833890974,18.9298,false,hdfs,50,true
2561035144,1832.1,true,zfs,50,true
3046376486,1390,true,zfs,50,true
2557866382,13.2,false,hdfs,50,true
3332070147,20.9105,false,hdfs,50,true
2686419992,1908.14,true,zfs,50,true
2440121429,1973.74,true,zfs,50,true
2214735240,11.7885,false,hdfs,50,true
1342711524,453.586,true,zfs,50,true
2069815109,471.71,true,zfs,50,true
2273095683,11.9614,false,hdfs,50,true
2616369906,16.3805,false,hdfs,50,true
2408171197,11.5989,false,hdfs,50,true
2503807882,1551.78,true,zfs,50,true
2883654405,2352.36,true,zfs,50,true
2322187109,13.1872,false,hdfs,50,true
2425823122,24.9303,false,hdfs,50,true
2378955853,496.099,true,zfs,50,true
2724074163,14.0619,false,hdfs,50,true
2210390699,1375.35,true,zfs,50,true
2300240456,14.4419,false,hdfs,50,true
3115383140,19.7673,false,hdfs,50,true
2233431045,13.1066,false,hdfs,50,true
2790648541,1120.04,true,zfs,50,true
2343848770,1502.92,true,zfs,50,true
3020637345,20.0476,false,hdfs,50,true
2921036722,15.255,false,hdfs,50,true
3020567937,1523.85,true,zfs,50,true
2625355308,996.99,true,zfs,50,true
2312700217,17.0423,false,hdfs,50,true
2383389535,12.6786,false,hdfs,50,true
3014468869,20.3567,false,hdfs,50,true
2643099198,16.6477,false,hdfs,50,true
2553024950,13.7648,false,hdfs,50,true
2230213557,1235.08,true,zfs,50,true
3343610907,23.1754,false,hdfs,50,true
1771900405,10.1756,false,hdfs,50,true
3342760279,23.1504,false,hdfs,50,true
2857447241,97.2096,false,hdfs,50,true
2463700642,294.167,true,zfs,50,true
2805845688,1647.32,true,zfs,50,true
2524445099,941.58,true,zfs,50,true
2712419681,1417.8,true,zfs,50,true
2140040420,1034.24,true,zfs,50,true
2983440416,18.8817,false,hdfs,50,true
2377530343,931.376,true,zfs,50,true
2327469372,1315.14,true,zfs,50,true
1973139944,11.0076,false,hdfs,50,true
3063942468,991.457,true,zfs,50,true
2695531383,1955.79,true,zfs,50,true
3316718096,25.6358,false,hdfs,50,true
1866398291,82.8874,false,hdfs,50,true
2119660541,1741.34,true,zfs,50,true
2658787770,379.529,true,zfs,50,true
1974983725,989.378,true,zfs,50,true
2950218173,2147.66,true,zfs,50,true
3222315856,17.8683,false,hdfs,50,true
2544765624,1332.18,true,zfs,50,true
2761999649,569.078,true,zfs,50,true
2657397063,15.9761,false,hdfs,50,true
2704407731,18.2255,false,hdfs,50,true
2600851848,16.0866,false,hdfs,50,true
2299251902,16.2952,false,hdfs,50,true
2401456385,22.8401,false,hdfs,50,true
3073761348,17.5727,false,hdfs,50,true
2923729949,2060.35,true,zfs,50,true
2767388964,16.8795,false,hdfs,50,true
1870666517,8.51347,false,hdfs,50,true
2940927853,1842.59,true,zfs,50,true
2796710543,15.9184,false,hdfs,50,true
1953977780,14.6297,false,hdfs,50,true
2939085375,24.5829,false,hdfs,50,true
2528918620,13.9757,false,hdfs,50,true
3208825019,20.3926,false,hdfs,50,true
2577319371,1837.46,true,zfs,50,true
2241866990,1367.83,true,zfs,50,true
3080676618,1870.15,true,zfs,50,true
2321456799,271.553,true,zfs,50,true
2186899561,14.2647,false,hdfs,50,true
3290090720,20.3996,false,hdfs,50,true
2797992825,15.2466,false,hdfs,50,true
2748785915,23.114,false,hdfs,50,true
2414971259,1839.4,true,zfs,50,true
2187464154,853.545,true,zfs,50,true
2075914075,10.6847,false,hdfs,50,true
3056200232,614.859,true,zfs,50,true
2469643650,2262.06,true,zfs,50,true
2680587794,1742.73,true,zfs,50,true
2352082299,1950.35,true,zfs,50,true
3213056194,20.3024,false,hdfs,50,true
2939856967,956.032,true,zfs,50,true
2769922491,12.9424,false,hdfs,50,true
2735784480,17.7596,false,hdfs,50,true
2349076925,13.0272,false,hdfs,50,true
3017906889,22.7128,false,hdfs,50,true
2870225577,918.749,true,zfs,50,true
2128430099,1645.67,true,zfs,50,true
3041583776,15.1186,false,hdfs,50,true
2516519804,2021.34,true,zfs,50,true
1982564027,332.137,true,zfs,50,true
2838018068,1967.25,true,zfs,50,true
3343960467,1123.66,true,zfs,50,true
2915255037,16.8815,false,hdfs,50,true
2861352624,1870.69,true,zfs,50,true
2944738885,15.2456,false,hdfs,50,true
2781469605,16.1678,false,hdfs,50,true
1964159204,18.6979,false,hdfs,50,true
2135055645,16.5567,false,hdfs,50,true
2955008199,1523.49,true,zfs,50,true
1971512527,12.8554,false,hdfs,50,true
2961090579,17.3564,false,hdfs,50,true
2317848970,2079.81,true,zfs,50,true
2650470143,1569.92,true,zfs,50,true
2579325728,544.59,true,zfs,50,true
2436386047,394.151,true,zfs,50,true
3134312563,1353.81,true,zfs,50,true
3305696845,929.92,true,zfs,50,true
3427914727,26.1273,false,hdfs,50,true
3068431440,1164.3,true,zfs,50,true
2518525383,13.9436,false,hdfs,50,true
1982564027,13.3273,false,hdfs,50,true
2960105670,21.7142,false,hdfs,50,true
2897400411,16.3469,false,hdfs,50,true
2261029662,1099.38,true,zfs,50,true
2872776222,1153.39,true,zfs,50,true
2593130868,1153.32,true,zfs,50,true
2349076925,940.136,true,zfs,50,true
2579325728,18.3434,false,hdfs,50,true
3197210955,19.1618,false,hdfs,50,true
2436386047,11.9001,false,hdfs,50,true
2446842539,17.179,false,hdfs,50,true
2389840742,22.0631,false,hdfs,50,true
3130932652,2252.75,true,zfs,50,true
2580655053,18.7713,false,hdfs,50,true
2837827541,16.7933,false,hdfs,50,true
1834399416,614.532,true,zfs,50,true
2594030765,1651.83,true,zfs,50,true
2673054725,12.6606,false,hdfs,50,true
2276031930,1232.55,true,zfs,50,true
2615943607,15.2776,false,hdfs,50,true
2479465478,21.3824,false,hdfs,50,true
2492717121,15.7832,false,hdfs,50,true
2718657908,17.1215,false,hdfs,50,true
3012839231,26.1677,false,hdfs,50,true
2527333064,1694.98,true,zfs,50,true
2397507955,15.2718,false,hdfs,50,true
2452097684,14.7735,false,hdfs,50,true
2410791653,1511.53,true,zfs,50,true
3256016728,2100.59,true,zfs,50,true
2585459917,18.4365,false,hdfs,50,true
1758855902,1441.89,true,zfs,50,true
2931972078,26.6363,false,hdfs,50,true
2039997595,10.8346,false,hdfs,50,true
3104069302,581.928,true,zfs,50,true
3106300653,23.9651,false,hdfs,50,true
2465545533,2124.52,true,zfs,50,true
3056200232,17.3366,false,hdfs,50,true
3507300194,19.0358,false,hdfs,50,true
2689044710,15.5797,false,hdfs,50,true
2469340395,13.4515,false,hdfs,50,true
2241265945,2323.89,true,zfs,50,true
3438606889,585.897,true,zfs,50,true
3034620086,1841,true,zfs,50,true
2811951193,654.371,true,zfs,50,true
2361247458,18.4013,false,hdfs,50,true
2520551282,1278.29,true,zfs,50,true
2521918745,604,true,zfs,50,true
2658787770,19.8392,false,hdfs,50,true
2460069904,14.1674,false,hdfs,50,true
2921544845,19.1742,false,hdfs,50,true
1974983725,9.89998,false,hdfs,50,true
2206301421,12.2619,false,hdfs,50,true
2972024854,20.0638,false,hdfs,50,true
1977122259,11.5045,false,hdfs,50,true
2555450376,15.7884,false,hdfs,50,true
2830308181,574.934,true,zfs,50,true
2526260388,1749.78,true,zfs,50,true
3364589773,22.6669,false,hdfs,50,true
2837319789,20.7272,false,hdfs,50,true
2713537878,1764.24,true,zfs,50,true
2200790720,11.4592,false,hdfs,50,true
2520734643,1316.82,true,zfs,50,true
2588395871,1212.23,true,zfs,50,true
3015860035,32.0938,false,hdfs,50,true
2225083887,12.8957,false,hdfs,50,true
2558202424,1338.44,true,zfs,50,true
2401456385,1135.84,true,zfs,50,true
2421906603,13.7185,false,hdfs,50,true
2989671013,21.8225,false,hdfs,50,true
2447107336,16.1056,false,hdfs,50,true
2382644461,14.1363,false,hdfs,50,true
3563068882,1878.64,true,zfs,50,true
3073179818,16.5904,false,hdfs,50,true
2339367691,1467.06,true,zfs,50,true
3275428610,1368.78,true,zfs,50,true
2838812554,15.9456,false,hdfs,50,true
2811212181,18.3711,false,hdfs,50,true
2553024950,632.931,true,zfs,50,true
2363913540,1764.06,true,zfs,50,true
2786958543,16.7275,false,hdfs,50,true
2462273760,12.7776,false,hdfs,50,true
2019358509,2072.8,true,zfs,50,true
1834731240,1875.69,true,zfs,50,true
2951806519,19.4127,false,hdfs,50,true
2463700642,17.2652,false,hdfs,50,true
2140040420,10.0875,false,hdfs,50,true
2909526017,16.2393,false,hdfs,50,true
2736159918,15.0843,false,hdfs,50,true
3146921657,19.2155,false,hdfs,50,true
2730733260,26.9871,false,hdfs,50,true
2185145731,12.4353,false,hdfs,50,true
2626128131,17.8188,false,hdfs,50,true
2774379619,16.055,false,hdfs,50,true
2504417461,23.1752,false,hdfs,50,true
3332070147,370.074,true,zfs,50,true
2768887610,1517.72,true,zfs,50,true
3508200737,1573.37,true,zfs,50,true
2166402077,11.4243,false,hdfs,50,true
2810671088,19.7259,false,hdfs,50,true
2179646200,11.4924,false,hdfs,50,true
3264312427,1345.75,true,zfs,50,true
2183797296,539.154,true,zfs,50,true
2765658541,18.2757,false,hdfs,50,true
2920014035,2185.22,true,zfs,50,true
2408171197,790.888,true,zfs,50,true
2774804344,17.679,false,hdfs,50,true
2752661622,16.5447,false,hdfs,50,true
3139945973,1703.39,true,zfs,50,true
2559386591,1963.98,true,zfs,50,true
2707716043,16.4671,false,hdfs,50,true
2790648541,21.2593,false,hdfs,50,true
1710016836,656.696,true,zfs,50,true
2728080210,22.5655,false,hdfs,50,true
1887920501,430.57,true,zfs,50,true
3066295114,824.478,true,zfs,50,true
3349296233,1869.32,true,zfs,50,true
2876230558,17.5147,false,hdfs,50,true
2429771279,17.458,false,hdfs,50,true
2962919459,2523.15,true,zfs,50,true
3068425982,18.2007,false,hdfs,50,true
2699271465,16.1987,false,hdfs,50,true
2699548505,22.1742,false,hdfs,50,true
2422602064,1714.61,true,zfs,50,true
2734670461,434.769,true,zfs,50,true
2739632555,960.702,true,zfs,50,true
3195648354,21.2229,false,hdfs,50,true
3122179915,20.0247,false,hdfs,50,true
2787150525,1528.41,true,zfs,50,true
2969534551,1412.73,true,zfs,50,true
3295505663,617.104,true,zfs,50,true
2365443116,13.1879,false,hdfs,50,true
2549251233,25.0521,false,hdfs,50,true
2014951129,10.9398,false,hdfs,50,true
2315908541,741.522,true,zfs,50,true
2670752866,19.7139,false,hdfs,50,true
1923231529,539.108,true,zfs,50,true
2981199617,1537.33,true,zfs,50,true
2649745960,2083.77,true,zfs,50,true
3394299373,641.29,true,zfs,50,true
2735188127,1164.77,true,zfs,50,true
2454328198,13.964,false,hdfs,50,true
2488964446,1301.31,true,zfs,50,true
2530958051,1138.82,true,zfs,50,true
3017763578,22.1277,false,hdfs,50,true
2810697703,13.6777,false,hdfs,50,true
2410943486,1053.31,true,zfs,50,true
2732888694,18.0739,false,hdfs,50,true
2389078070,1515.77,true,zfs,50,true
2723193366,2331.52,true,zfs,50,true
2364855239,20.6903,false,hdfs,50,true
2925544393,18.9791,false,hdfs,50,true
2387022294,1377.1,true,zfs,50,true
2993329380,17.9062,false,hdfs,50,true
1905685924,51.0338,false,hdfs,50,true
2805933112,23.0993,false,hdfs,50,true
2146317429,11.9956,false,hdfs,50,true
3166811432,22.1751,false,hdfs,50,true
2263134195,21.2609,false,hdfs,50,true
2086793009,17.0252,false,hdfs,50,true
2261329384,2084.18,true,zfs,50,true
1954340094,11.1979,false,hdfs,50,true
3119556351,24.5059,false,hdfs,50,true
3227610802,31.5292,false,hdfs,50,true
2643884243,13.9456,false,hdfs,50,true
2749838530,16.748,false,hdfs,50,true
2488341627,2076.65,true,zfs,50,true
2747625125,1330.86,true,zfs,50,true
2679820179,14.6221,false,hdfs,50,true
2133146599,1427.78,true,zfs,50,true
3037325045,26.9495,false,hdfs,50,true
2651864330,11.5531,false,hdfs,50,true
2248450801,863.359,true,zfs,50,true
2980167805,25.6806,false,hdfs,50,true
2627059208,1340.16,true,zfs,50,true
2691394103,14.255,false,hdfs,50,true
3123065939,22.5508,false,hdfs,50,true
3455060789,21.2219,false,hdfs,50,true
3228161919,18.7395,false,hdfs,50,true
3193337997,17.8972,false,hdfs,50,true
1999768753,745.128,true,zfs,50,true
2719397302,21.9138,false,hdfs,50,true
3311262354,580.543,true,zfs,50,true
1414614209,9.4842,false,hdfs,50,true
2512750875,16.2527,false,hdfs,50,true
2390135294,1139.34,true,zfs,50,true
2512574352,11.4744,false,hdfs,50,true
2781351732,1369.98,true,zfs,50,true
2825964005,2514.38,true,zfs,50,true
2798529954,18.2555,false,hdfs,50,true
2753680403,72.739,false,hdfs,50,true
2848407847,1523.33,true,zfs,50,true
2872965655,228.748,true,zfs,50,true
2209846120,19.1948,false,hdfs,50,true
2910110248,1335,true,zfs,50,true
2126279259,1353.44,true,zfs,50,true
2631932375,1286.74,true,zfs,50,true
2015543742,704.506,true,zfs,50,true
2486215168,12.0795,false,hdfs,50,true
2382002935,1689.18,true,zfs,50,true
3023085350,43.2986,false,hdfs,50,true
2853716439,15.8311,false,hdfs,50,true
3089987575,799.733,true,zfs,50,true
3197757944,1851.1,true,zfs,50,true
2426848113,15.1539,false,hdfs,50,true
2282995581,746.79,true,zfs,50,true
2609431546,17.0859,false,hdfs,50,true
2745865059,17.266,false,hdfs,50,true
2697665875,15.3277,false,hdfs,50,true
2706013868,18.7773,false,hdfs,50,true
2778688237,15.7576,false,hdfs,50,true
2609447578,1123,true,zfs,50,true
2858836859,18.0236,false,hdfs,50,true
2527554361,16.3902,false,hdfs,50,true
1974850657,13.4557,false,hdfs,50,true
2622177016,1270.81,true,zfs,50,true
2930616096,1789.64,true,zfs,50,true
3287790019,312.859,true,zfs,50,true
2158005300,16.3485,false,hdfs,50,true
2594351211,14.6117,false,hdfs,50,true
2697213276,1507.91,true,zfs,50,true
2335650197,18.3371,false,hdfs,50,true
2339982738,1313.48,true,zfs,50,true
2670919200,632.519,true,zfs,50,true
3218051189,19.8246,false,hdfs,50,true
2304549477,15.1176,false,hdfs,50,true
2467101135,1047.68,true,zfs,50,true
2715488424,15.3068,false,hdfs,50,true
2530847081,1430.18,true,zfs,50,true
2842494758,1627.78,true,zfs,50,true
2442263588,20.9979,false,hdfs,50,true
1904811070,10.3531,false,hdfs,50,true
2685254823,1748.02,true,zfs,50,true
3084103168,1339.79,true,zfs,50,true
2425422659,471.402,true,zfs,50,true
2785231819,17.4115,false,hdfs,50,true
3047632917,1309.77,true,zfs,50,true
2496979587,13.3121,false,hdfs,50,true
2563572106,16.88,false,hdfs,50,true
2259591115,15.2508,false,hdfs,50,true
2132634831,706.131,true,zfs,50,true
2473689089,525.816,true,zfs,50,true
2805564807,14.0449,false,hdfs,50,true
2595536131,1623.16,true,zfs,50,true
2607125976,514.315,true,zfs,50,true
2748137809,19.6725,false,hdfs,50,true
2113101695,13.7756,false,hdfs,50,true
2439674837,535.848,true,zfs,50,true
2175779242,942.139,true,zfs,50,true
2195824852,862.914,true,zfs,50,true
2072138080,15.2598,false,hdfs,50,true
2966125962,1310.52,true,zfs,50,true
1896926809,10.9595,false,hdfs,50,true
3215140369,23.9297,false,hdfs,50,true
293928252,2.31852,false,hdfs,50,true
2900625438,2144.38,true,zfs,50,true
2588499432,33.252,false,hdfs,50,true
3007747295,20.6933,false,hdfs,50,true
2016224435,1491.41,true,zfs,50,true
3274645570,26.4197,false,hdfs,50,true
2899750614,785.812,true,zfs,50,true
2778334754,16.4537,false,hdfs,50,true
2891680911,22.5729,false,hdfs,50,true
2653345568,20.2294,false,hdfs,50,true
2574741408,13.3258,false,hdfs,50,true
2916647220,809.811,true,zfs,50,true
2307533844,13.6168,false,hdfs,50,true
2961078914,1007.3,true,zfs,50,true
2439388783,932.498,true,zfs,50,true
3065890241,1449.92,true,zfs,50,true
2352614030,11.9082,false,hdfs,50,true
2746615087,20.0402,false,hdfs,50,true
2549406644,1444.98,true,zfs,50,true
2592461825,14.7536,false,hdfs,50,true
2403339553,253.949,true,zfs,50,true
2378484721,19.2764,false,hdfs,50,true
1849836761,11.8209,false,hdfs,50,true
3019642557,29.1147,false,hdfs,50,true
2484252448,541.906,true,zfs,50,true
1829293292,11.0654,false,hdfs,50,true
2908058909,14.4492,false,hdfs,50,true
1955366098,383.399,true,zfs,50,true
2273811956,16.9204,false,hdfs,50,true
2584011579,217.883,true,zfs,50,true
3270538869,18.9537,false,hdfs,50,true
2645603941,23.6869,false,hdfs,50,true
2699206499,1842.54,true,zfs,50,true
2723584835,1792.74,true,zfs,50,true
2935891787,22.1402,false,hdfs,50,true
2214561215,12.5367,false,hdfs,50,true
2590292393,14.0979,false,hdfs,50,true
2302355277,10.869,false,hdfs,50,true
2561818839,16.2399,false,hdfs,50,true
2134780409,387.893,true,zfs,50,true
2749164267,18.5405,false,hdfs,50,true
2826183678,48.6973,true,zfs,50,true
3430163636,923.18,true,zfs,50,true
2498578591,17.1841,false,hdfs,50,true
2485201039,14.6671,false,hdfs,50,true
2734648172,1115.12,true,zfs,50,true
2542580748,1815.12,true,zfs,50,true
2753361009,15.5472,false,hdfs,50,true
2333750466,14.1547,false,hdfs,50,true
2875194346,1213.37,true,zfs,50,true
2403779104,12.5109,false,hdfs,50,true
2750284654,1061.07,true,zfs,50,true
3246213634,607.695,true,zfs,50,true
3087995446,1425.71,true,zfs,50,true
3085078428,19.9676,false,hdfs,50,true
2657458695,14.6605,false,hdfs,50,true
2315592560,791.329,true,zfs,50,true
2672167664,27.48,false,hdfs,50,true
2374952481,1148.2,true,zfs,50,true
2449315273,1921.93,true,zfs,50,true
2410934203,22.6875,false,hdfs,50,true
2865272544,15.2527,false,hdfs,50,true
2726739888,23.8007,false,hdfs,50,true
2651833532,103.688,true,zfs,50,true
2615939585,1726.55,true,zfs,50,true
2510900488,1794.3,true,zfs,50,true
2931787123,20.3088,false,hdfs,50,true
2394292985,1168.43,true,zfs,50,true
3091885858,21.6245,false,hdfs,50,true
2294769590,13.4738,false,hdfs,50,true
2896252885,60.6257,true,zfs,50,true
3335816886,24.0161,false,hdfs,50,true
2784754013,14.8204,false,hdfs,50,true
3160866299,2247.78,true,zfs,50,true
3048099754,987.893,true,zfs,50,true
2602474490,114.649,true,zfs,50,true
2509465367,1002.74,true,zfs,50,true
3186052857,21.0301,false,hdfs,50,true
2826553263,19.896,false,hdfs,50,true
2295802135,17.4439,false,hdfs,50,true
2497080381,13.363,false,hdfs,50,true
2526258843,12.4234,false,hdfs,50,true
2433933355,1888.65,true,zfs,50,true
831114077,557.793,true,zfs,50,true
2379959688,1626.93,true,zfs,50,true
2297262398,860.711,true,zfs,50,true
3043793239,2103.19,true,zfs,50,true
2456069195,578.19,true,zfs,50,true
2593073844,17.1117,false,hdfs,50,true
2443933528,14.4946,false,hdfs,50,true
2413756197,18.121,false,hdfs,50,true
2323558742,13.1793,false,hdfs,50,true
2598965730,15.5301,false,hdfs,50,true
2869108867,1761.82,true,zfs,50,true
3131444118,20.6427,false,hdfs,50,true
2356738244,18.4719,false,hdfs,50,true
2182851484,13.0403,false,hdfs,50,true
3014807424,1837.32,true,zfs,50,true
2419398422,137.173,true,zfs,50,true
3019400370,1847.36,true,zfs,50,true
1947495538,11.6141,false,hdfs,50,true
2152171494,1294.67,true,zfs,50,true
3020515272,15.093,false,hdfs,50,true
2592156266,20.6361,false,hdfs,50,true
2054772891,17.5737,false,hdfs,50,true
2488926623,13.4794,false,hdfs,50,true
2292218233,18.0743,false,hdfs,50,true
2069815109,14.3987,false,hdfs,50,true
2616369906,1762.82,true,zfs,50,true
2522761039,15.7733,false,hdfs,50,true
2686419992,22.3877,false,hdfs,50,true
2440121429,13.101,false,hdfs,50,true
2557866382,1585.37,true,zfs,50,true
1342711524,10.4475,false,hdfs,50,true
2503807882,14.6839,false,hdfs,50,true
2883654405,20.1881,false,hdfs,50,true
2322187109,2083.06,true,zfs,50,true
2343848770,12.6532,false,hdfs,50,true
2233431045,1595.8,true,zfs,50,true
2870183857,277.15,true,zfs,50,true
3020567937,73.8416,false,hdfs,50,true
2921036722,1760.62,true,zfs,50,true
2724074163,633.208,true,zfs,50,true
2378955853,10.9464,false,hdfs,50,true
2300240456,1995.16,true,zfs,50,true
3115383140,1115.51,true,zfs,50,true
2210390699,14.5196,false,hdfs,50,true
2637914529,12.187,false,hdfs,50,true
2401928170,383.492,true,zfs,50,true
2520669628,1983.76,true,zfs,50,true
2899298504,21.0189,false,hdfs,50,true
2399132704,1946.82,true,zfs,50,true
3254865306,507.345,true,zfs,50,true
2069818897,9.52564,false,hdfs,50,true
2411560876,1275.2,true,zfs,50,true
2801610798,1518.35,true,zfs,50,true
3035830003,26.124,false,hdfs,50,true
2316746509,18.9939,false,hdfs,50,true
2976723650,20.0073,false,hdfs,50,true
2699413870,15.9026,false,hdfs,50,true
2474763856,18.6548,false,hdfs,50,true
1930087601,1376.74,true,zfs,50,true
2632354341,24.5025,false,hdfs,50,true
3020389872,1534.21,true,zfs,50,true
2561035144,14.5904,false,hdfs,50,true
3046376486,20.9243,false,hdfs,50,true
3049219889,25.8794,false,hdfs,50,true
2594766337,18.1118,false,hdfs,50,true
2331422578,18.1153,false,hdfs,50,true
2067390317,38.3754,false,hdfs,50,true
2833898428,1118.56,true,zfs,50,true
2056620044,15.8149,false,hdfs,50,true
2374340479,971.704,true,zfs,50,true
2941051743,1885.47,true,zfs,50,true
2349448434,459.377,true,zfs,50,true
2335697475,1818.26,true,zfs,50,true
2770853250,18.6338,false,hdfs,50,true
3062984079,19.9974,false,hdfs,50,true
2914056330,17.456,false,hdfs,50,true
2672763758,1057.34,true,zfs,50,true
2642483206,1470.08,true,zfs,50,true
2337279805,267.049,true,zfs,50,true
3092582754,24.6103,false,hdfs,50,true
1393492921,1008.17,true,zfs,50,true
2566504884,12.6131,false,hdfs,50,true
2692873091,987.703,true,zfs,50,true
2655052742,1896.8,true,zfs,50,true
2277489921,16.9601,false,hdfs,50,true
1767084720,15.365,false,hdfs,50,true
2836013269,14.4313,false,hdfs,50,true
2294293868,19.5555,false,hdfs,50,true
1861969837,12.5859,false,hdfs,50,true
2459685613,525.273,true,zfs,50,true
2910043935,1568.12,true,zfs,50,true
3153591106,1772.47,true,zfs,50,true
3458728473,28.3891,false,hdfs,50,true
3032286989,1455.73,true,zfs,50,true
3184035849,1351.95,true,zfs,50,true
2691850487,13.3683,false,hdfs,50,true
2556963426,1115.66,true,zfs,50,true
2811677863,958.22,true,zfs,50,true
2799943546,16.0457,false,hdfs,50,true
3696566217,1472.52,true,zfs,50,true
2675904697,15.2374,false,hdfs,50,true
2565420259,18.624,false,hdfs,50,true
2493987336,14.2129,false,hdfs,50,true
2330279160,19.5486,false,hdfs,50,true
2134342121,1727.94,true,zfs,50,true
2553715152,19.0804,false,hdfs,50,true
2837225753,784.461,true,zfs,50,true
2156640709,1227.89,true,zfs,50,true
1751293168,389.303,true,zfs,50,true
2562612132,1846.07,true,zfs,50,true
2699725889,17.5679,false,hdfs,50,true
2735784480,558.684,true,zfs,50,true
2915255037,1922.69,true,zfs,50,true
2838018068,15.3151,false,hdfs,50,true
3343960467,22.1646,false,hdfs,50,true
2944738885,947.681,true,zfs,50,true
2861352624,15.6861,false,hdfs,50,true
2870225577,25.3053,false,hdfs,50,true
2128430099,13.3659,false,hdfs,50,true
2516519804,13.4028,false,hdfs,50,true
2445212148,644.641,true,zfs,50,true
3041583776,1798.94,true,zfs,50,true
2955008199,18.7538,false,hdfs,50,true
2317848970,11.6654,false,hdfs,50,true
2493315498,17.4402,false,hdfs,50,true
2961090579,1914.73,true,zfs,50,true
2781469605,399.884,true,zfs,50,true
2826183678,13.132,false,hdfs,50,true
2978561029,21.5642,false,hdfs,50,true
2746915345,13.3582,false,hdfs,50,true
3134312563,26.0598,false,hdfs,50,true
2741542714,22.8906,false,hdfs,50,true
2650470143,14.173,false,hdfs,50,true
3079150634,20.8136,false,hdfs,50,true
2994262414,17.2088,false,hdfs,50,true
2577319371,13.9082,false,hdfs,50,true
2528918620,1066.38,true,zfs,50,true
3208825019,1601.05,true,zfs,50,true
2584011579,14.1124,false,hdfs,50,true
2796710543,526.545,true,zfs,50,true
2295355525,10.3269,false,hdfs,50,true
2940927853,22.0963,false,hdfs,50,true
3080676618,22.4794,false,hdfs,50,true
2321456799,13.2922,false,hdfs,50,true
2241866990,12.2813,false,hdfs,50,true
2797992825,1614.35,true,zfs,50,true
2186899561,1703.45,true,zfs,50,true
2680587794,21.908,false,hdfs,50,true
2352082299,13.3613,false,hdfs,50,true
2769922491,689.855,true,zfs,50,true
2939856967,16.6015,false,hdfs,50,true
2414971259,14.242,false,hdfs,50,true
2187464154,16.2455,false,hdfs,50,true
2748785915,807.67,true,zfs,50,true
2469643650,16.0253,false,hdfs,50,true
2075914075,837.719,true,zfs,50,true
3072618296,705.314,true,zfs,50,true
3063942468,25.8125,false,hdfs,50,true
2695531383,13.763,false,hdfs,50,true
3222315856,1658.27,true,zfs,50,true
2950218173,22.5497,false,hdfs,50,true
2657397063,1728.7,true,zfs,50,true
2544765624,19.6412,false,hdfs,50,true
2761999649,14.3791,false,hdfs,50,true
2157133184,15.4209,false,hdfs,50,true
3316718096,2105.06,true,zfs,50,true
2119660541,10.9914,false,hdfs,50,true
3037014285,21.1528,false,hdfs,50,true
1866398291,600.964,true,zfs,50,true
2815431222,18.7058,false,hdfs,50,true
2514509159,14.2328,false,hdfs,50,true
2923729949,14.0101,false,hdfs,50,true
3073761348,1233.15,true,zfs,50,true
2704407731,322.659,true,zfs,50,true
2600851848,2329.21,true,zfs,50,true
2177529475,13.7724,false,hdfs,50,true
2074426314,13.7413,false,hdfs,50,true
2767388964,1762.23,true,zfs,50,true
1870666517,621.334,true,zfs,50,true
3337977027,21.8514,false,hdfs,50,true
2230213557,13.212,false,hdfs,50,true
2098906510,13.6508,false,hdfs,50,true
2643099198,2498.34,true,zfs,50,true
2312700217,988.843,true,zfs,50,true
2383389535,323.172,true,zfs,50,true
2625355308,18.4429,false,hdfs,50,true
2610124966,19.8908,false,hdfs,50,true
3343610907,1349.66,true,zfs,50,true
1771900405,1219.85,true,zfs,50,true
2630652662,571.721,true,zfs,50,true
2559746432,17.4465,false,hdfs,50,true
2725209859,19.338,false,hdfs,50,true
2941605641,14.0475,false,hdfs,50,true
2896252885,17.7625,false,hdfs,50,true
2983440416,2236.74,true,zfs,50,true
2712419681,18.8894,false,hdfs,50,true
1973139944,491.338,true,zfs,50,true
2377530343,13.5459,false,hdfs,50,true
2327469372,18.6406,false,hdfs,50,true
2638534086,17.4622,false,hdfs,50,true
3342760279,1663.81,true,zfs,50,true
2805845688,23.6001,false,hdfs,50,true
2524445099,13.1189,false,hdfs,50,true
2857447241,1534.7,true,zfs,50,true
2168101790,856.922,true,zfs,50,true
2168508539,936.88,true,zfs,50,true
2480139809,19.2424,false,hdfs,50,true
3153466155,18.4074,false,hdfs,50,true
2810374108,256.919,true,zfs,50,true
2180904700,16.5758,false,hdfs,50,true
2955237770,1303.69,true,zfs,50,true
2862461956,18.5953,false,hdfs,50,true
3046763177,17.3806,false,hdfs,50,true
2874760854,25.9925,false,hdfs,50,true
2351317310,1607.86,true,zfs,50,true
1612857383,61.5787,true,zfs,50,true
2501146985,15.9691,false,hdfs,50,true
3024023539,21.7573,false,hdfs,50,true
2553609177,19.0397,false,hdfs,50,true
1978440071,1511.69,true,zfs,50,true
2867374350,22.409,false,hdfs,50,true
2852902350,15.9228,false,hdfs,50,true
2683976564,1158.93,true,zfs,50,true
2574356266,12.959,false,hdfs,50,true
2195120789,12.6503,false,hdfs,50,true
3436934874,24.5916,false,hdfs,50,true
2646561150,1203.59,true,zfs,50,true
3068581573,21.8746,false,hdfs,50,true
2457007436,86.4658,true,zfs,50,true
2911043757,1396.7,true,zfs,50,true
2877155952,20.3371,false,hdfs,50,true
2422603145,12.699,false,hdfs,50,true
3062916892,24.642,false,hdfs,50,true
2121551783,12.2762,false,hdfs,50,true
3025698090,26.7367,false,hdfs,50,true
2115471575,1207.59,true,zfs,50,true
2588439816,22.4539,false,hdfs,50,true
3197210955,118.355,true,zfs,50,true
2625834074,15.9033,false,hdfs,50,true
3118155128,1731.35,true,zfs,50,true
2305394877,939.313,true,zfs,50,true
2323070025,16.5806,false,hdfs,50,true
2856884871,20.7847,false,hdfs,50,true
2113786998,1195.15,true,zfs,50,true
2136720568,88.7062,true,zfs,50,true
3109063397,579.919,true,zfs,50,true
2118376505,21.1241,false,hdfs,50,true
2316380122,992.842,true,zfs,50,true
2871554342,16.0958,false,hdfs,50,true
2075995166,11.7228,false,hdfs,50,true
3223252257,26.4585,false,hdfs,50,true
3543942064,27.3296,false,hdfs,50,true
2572579779,12.133,false,hdfs,50,true
3057293193,20.4241,false,hdfs,50,true
1992795401,9.63097,false,hdfs,50,true
1601538565,961.291,true,zfs,50,true
2736159918,40.7566,true,zfs,50,true
2614603552,16.0004,false,hdfs,50,true
2934504542,1620.09,true,zfs,50,true
2484708911,17.6666,false,hdfs,50,true
3327720524,20.9235,false,hdfs,50,true
2177781925,1138.25,true,zfs,50,true
2608299318,22.2755,false,hdfs,50,true
2620973029,14.7281,false,hdfs,50,true
2186903100,1935.48,true,zfs,50,true
2935366621,933.904,true,zfs,50,true
2419143940,13.7382,false,hdfs,50,true
2721127940,16.8556,false,hdfs,50,true
2893183908,16.8347,false,hdfs,50,true
2936582539,1514.89,true,zfs,50,true
2160697143,13.7196,false,hdfs,50,true
3090011871,1014.22,true,zfs,50,true
2412432832,1237.03,true,zfs,50,true
3387783688,924.438,true,zfs,50,true
2273257722,1948.3,true,zfs,50,true
2189922996,796.552,true,zfs,50,true
2515529979,17.6978,false,hdfs,50,true
2631450737,17.8163,false,hdfs,50,true
2144004586,448.453,true,zfs,50,true
2888417660,1023.47,true,zfs,50,true
2188166908,99.2199,false,hdfs,50,true
3067914722,19.6963,false,hdfs,50,true
2581192079,14.3982,false,hdfs,50,true
2957819414,669.933,true,zfs,50,true
2394237273,12.0425,false,hdfs,50,true
2306318037,566.221,true,zfs,50,true
2455933882,218.541,true,zfs,50,true
2495042257,22.1765,false,hdfs,50,true
2238883417,16.6262,false,hdfs,50,true
3165458924,53.5379,false,hdfs,50,true
2537997493,12.7526,false,hdfs,50,true
2105328240,14.1991,false,hdfs,50,true
3045105703,540.796,true,zfs,50,true
1937705357,958.881,true,zfs,50,true
2206301421,185.72,true,zfs,50,true
2578203178,20.5636,false,hdfs,50,true
1995781647,1721.61,true,zfs,50,true
2510910305,14.9079,false,hdfs,50,true
2633257711,20.3369,false,hdfs,50,true
2390209919,17.1947,false,hdfs,50,true
2004177115,15.1118,false,hdfs,50,true
2679576123,1898.68,true,zfs,50,true
2508466546,533.178,true,zfs,50,true
2958790608,621.569,true,zfs,50,true
2433235953,1965.13,true,zfs,50,true
3116528499,1289.44,true,zfs,50,true
2047377152,15.0745,false,hdfs,50,true
2633761226,1301.34,true,zfs,50,true
3221517894,25.4823,false,hdfs,50,true
2191500255,12.0535,false,hdfs,50,true
1944616054,13.1588,false,hdfs,50,true
2382816892,16.2222,false,hdfs,50,true
2138250316,864.352,true,zfs,50,true
2734432641,2495.85,true,zfs,50,true
2754435373,1193.43,true,zfs,50,true
2989971121,1723.23,true,zfs,50,true
2847989447,14.4233,false,hdfs,50,true
3024610747,17.6809,false,hdfs,50,true
2049310876,755.363,true,zfs,50,true
2399314883,43.7562,false,hdfs,50,true
2205747603,14.5676,false,hdfs,50,true
2807274066,17.9412,false,hdfs,50,true
2706200938,539.931,true,zfs,50,true
2305882062,1651.16,true,zfs,50,true
2933252266,1760.31,true,zfs,50,true
3242141112,730.46,true,zfs,50,true
2436016416,1107.28,true,zfs,50,true
2813762753,1032.56,true,zfs,50,true
2389834698,73.7109,false,hdfs,50,true
2797144639,38.8649,false,hdfs,50,true
2196546879,498.264,true,zfs,50,true
2841434976,23.8179,false,hdfs,50,true
3018283253,22.0201,false,hdfs,50,true
2314694952,15.9711,false,hdfs,50,true
2376397317,14.1059,false,hdfs,50,true
2704618205,967.436,true,zfs,50,true
2873002402,451.761,true,zfs,50,true
2544417328,19.0975,false,hdfs,50,true
2973973685,942.984,true,zfs,50,true
2433292719,675.885,true,zfs,50,true
2161508220,16.6701,false,hdfs,50,true
2417763672,1079.59,true,zfs,50,true
2189055889,14.064,false,hdfs,50,true
3047746132,18.8507,false,hdfs,50,true
2935306989,20.9057,false,hdfs,50,true
2587847198,15.2838,false,hdfs,50,true
2000467172,10.7893,false,hdfs,50,true
2501350829,1458.63,true,zfs,50,true
2727604904,18.9378,false,hdfs,50,true
3367517137,1774.55,true,zfs,50,true
2669927779,2094.91,true,zfs,50,true
3029748768,267.708,true,zfs,50,true
2840812129,1153.28,true,zfs,50,true
2577073639,61.3205,false,hdfs,50,true
2661957521,1109.59,true,zfs,50,true
2491548109,2058.25,true,zfs,50,true
2420386829,15.7627,false,hdfs,50,true
2743638947,15.805,false,hdfs,50,true
3107969157,32.1048,false,hdfs,50,true
1999618732,2458.19,true,zfs,50,true
2900924807,25.0944,false,hdfs,50,true
2694501903,16.6852,false,hdfs,50,true
2296684639,14.0748,false,hdfs,50,true
3421037768,23.7474,false,hdfs,50,true
2309940504,18.5103,false,hdfs,50,true
2878018132,82.6372,false,hdfs,50,true
2086217809,14.7519,false,hdfs,50,true
2890726965,20.3046,false,hdfs,50,true
2654363059,1603.73,true,zfs,50,true
2907172457,14.3538,false,hdfs,50,true
2905022571,17.2565,false,hdfs,50,true
2963720143,16.0849,false,hdfs,50,true
2926319283,22.9206,false,hdfs,50,true
1755463898,11.5104,false,hdfs,50,true
2781102085,21.6327,false,hdfs,50,true
2050445273,9.86184,false,hdfs,50,true
2512663637,1261.05,true,zfs,50,true
1030324936,8.47875,false,hdfs,50,true
3010853191,2182.53,true,zfs,50,true
2545952291,1020.83,true,zfs,50,true
2824173540,1909.23,true,zfs,50,true
2750348816,233.233,true,zfs,50,true
2494021169,13.349,false,hdfs,50,true
3297695015,1375.65,true,zfs,50,true
2627352548,1797.05,true,zfs,50,true
2605187156,15.538,false,hdfs,50,true
2863693200,1915.14,true,zfs,50,true
2946059345,481.352,true,zfs,50,true
