"filesystem","local","size","time"
"hdfs",false,2206301421,4511.392633926123
"hdfs",false,2944738885,7565.173505991697
"hdfs",false,2339367691,4397.898771587759
"hdfs",false,2069818897,3369.008354511112
"hdfs",false,2810697703,5197.327322199941
"hdfs",false,2651864330,4976.025769814849
"hdfs",false,2378955853,4490.630336415023
"hdfs",false,2520734643,4856.529295322951
"hdfs",false,2769922491,5426.851269349456
"hdfs",false,2811951193,5567.056435022503
"hdfs",false,1870666517,3157.289795830846
"hdfs",false,2905022571,6015.073493305594
"hdfs",false,2549406644,5083.208847399801
"hdfs",false,2306318037,5192.663889572024
"hdfs",false,2486215168,5605.848897185177
"hdfs",false,2000467172,3974.552800465375
"hdfs",false,2050445273,3943.5580644905567
"hdfs",false,2512574352,4874.110797032714
"hdfs",false,3090011871,6416.536303080618
"hdfs",false,2315592560,4450.4181852042675
"hdfs",false,2305394877,4547.718908056617
"hdfs",false,3048099754,6099.195956006646
"hdfs",false,3193337997,7371.0074302740395
"hdfs",false,3020515272,5821.651258744299
"hdfs",false,2852902350,5661.6290334016085
"hdfs",false,2467101135,5394.672612208873
"hdfs",false,2704618205,5364.19153976813
"hdfs",false,2635011620,6273.118788000196
"hdfs",false,2132634831,4805.939501743764
"hdfs",false,2121551783,4756.993843328208
"hdfs",false,2294769590,5725.544485419989
"hdfs",false,2572579779,5636.902581688017
"hdfs",false,2590292393,5833.631368871778
"hdfs",false,2651833532,5049.409474361688
"hdfs",false,2377530343,5902.657552454621
"hdfs",false,2837827541,6087.273304898292
"hdfs",false,1393492921,2606.4420004710555
"hdfs",false,2315908541,5274.492986727506
"hdfs",false,2183797296,4741.208364125341
"hdfs",false,3032286989,6729.366810036125
"hdfs",false,2397507955,6007.056132342666
"hdfs",false,2761999649,6186.918896820396
"hdfs",false,1977122259,4303.528050284833
"hdfs",false,2321456799,5477.8737593740225
"hdfs",false,2457007436,4641.38969097659
"hdfs",false,3254865306,7512.888729456812
"hdfs",false,2410943486,4752.175902679563
"hdfs",false,2861352624,6426.811602547765
"hdfs",false,3073179818,7642.744319461286
"hdfs",false,2200790720,4941.870907168835
"hdfs",false,2939856967,6268.574545651209
"hdfs",false,2248450801,5056.573375478387
"hdfs",false,2724074163,6346.946992211044
"hdfs",false,3066295114,7665.699358459562
"hdfs",false,1751293168,3932.00621644035
"hdfs",false,1612857383,2639.5780987143517
"hdfs",false,2015543742,4673.785920415074
"hdfs",false,2501350829,6653.1086577400565
"hdfs",false,2592461825,6283.136895857751
"hdfs",false,2394237273,5462.233005002141
"hdfs",false,2160697143,5863.277047015727
"hdfs",false,2672167664,7180.955039747059
"hdfs",false,2512663637,5839.217204425484
"hdfs",false,2390135294,5349.393516745418
"hdfs",false,2138250316,4679.474132321775
"hdfs",false,2770476308,6171.247113913298
"hdfs",false,2419398422,4991.138645898551
"hdfs",false,2715488424,5829.091364659369
"hdfs",false,2376397317,5871.180303182453
"hdfs",false,2152171494,5160.008619442582
"hdfs",false,2683976564,6576.064136026427
"hdfs",false,2115471575,5191.337041195482
"hdfs",false,2394292985,6134.190914981067
"hdfs",false,2390209919,6108.365022942424
"hdfs",false,2805564807,6888.295457106084
"hdfs",false,2086217809,4901.899424713105
"hdfs",false,2691394103,6176.034268304706
"hdfs",false,2697665875,6234.5439895913005
"hdfs",false,2566504884,5970.558336196467
"hdfs",false,2014951129,4521.159490272403
"hdfs",false,1973139944,4564.706608332694
"hdfs",false,1834399416,4346.214205016149
"hdfs",false,2410791653,5259.058647982776
"hdfs",false,2657397063,6236.080687455833
"hdfs",false,2179646200,4574.413958158344
"hdfs",false,2691850487,6278.333328537643
"hdfs",false,2643884243,6030.274860329926
"hdfs",false,2503807882,5620.756881205365
"hdfs",false,2694501903,6212.412406120449
"hdfs",false,2491548109,5897.209480389953
"hdfs",false,2282995581,4596.640954270959
"hdfs",false,2515529979,6223.855146385729
"hdfs",false,2574741408,5734.802077625878
"hdfs",false,2753361009,6277.8854461833835
"hdfs",false,2620973029,6153.336361117661
"hdfs",false,2126279259,5259.211016282439
"hdfs",false,3297695015,7966.719230312854
"hdfs",false,2622652363,6386.568517506123
"hdfs",false,2754435373,6595.09609445557
"hdfs",false,2496979587,5076.662597466959
"hdfs",false,2530958051,6395.093808423728
"hdfs",false,2399132704,5975.250119205564
"hdfs",false,2838812554,7272.298110477626
"hdfs",false,2128430099,5284.334629073739
"hdfs",false,2414971259,5632.205831032246
"hdfs",false,2225083887,5043.654165688902
"hdfs",false,2921036722,7824.615025818348
"hdfs",false,2133146599,5288.0720754265785
"hdfs",false,2156640709,4861.7817703559995
"hdfs",false,1887920501,4501.231017418206
"hdfs",false,2935306989,6004.842050664127
"hdfs",false,2584011579,5310.930050075054
"hdfs",false,2750284654,7508.835590831935
"hdfs",false,2186903100,5776.109633045271
"hdfs",false,2753680403,7047.709506843239
"hdfs",false,2494021169,6427.737767186016
"hdfs",false,2577073639,6666.043337889016
"hdfs",false,2853716439,7295.002679441124
"hdfs",false,2888417660,6958.932674344629
"hdfs",false,2439388783,5852.805245194584
"hdfs",false,2168101790,5091.327723991126
"hdfs",false,2379959688,6189.103413499892
"hdfs",false,2872965655,6613.908294774592
"hdfs",false,2075914075,4814.917854834348
"hdfs",false,2558202424,5491.0223550878
"hdfs",false,2343848770,5494.641421239823
"hdfs",false,2679820179,6519.196749180555
"hdfs",false,2454328198,5432.645528141409
"hdfs",false,2637914529,5920.075487956405
"hdfs",false,2363913540,5520.506070006639
"hdfs",false,3041583776,6974.680325252935
"hdfs",false,2593130868,6187.765406895429
"hdfs",false,1771900405,3927.499727077782
"hdfs",false,2750348816,6181.789120085537
"hdfs",false,2119660541,5009.961608853191
"hdfs",false,2039997595,4309.41697338596
"hdfs",false,3153591106,6690.691649354994
"hdfs",false,2768887610,6903.0158663876355
"hdfs",false,2969534551,7119.59891455248
"hdfs",false,2672763758,7237.939417291433
"hdfs",false,2615943607,6699.6984642371535
"hdfs",false,2524445099,5412.984212908894
"hdfs",false,2185145731,5635.481474857777
"hdfs",false,2650470143,6414.039406467229
"hdfs",false,2871554342,5715.558581903577
"hdfs",false,2865272544,7073.129384372383
"hdfs",false,2422603145,5841.777098797262
"hdfs",false,2195824852,4667.892071716487
"hdfs",false,2433235953,5253.717527914792
"hdfs",false,2973973685,7395.250767145306
"hdfs",false,2685254823,6028.12958220765
"hdfs",false,2501146985,5396.848160669208
"hdfs",false,2182851484,5243.257439050823
"hdfs",false,2238883417,4897.372030064464
"hdfs",false,1849836761,4525.251261698082
"hdfs",false,2497080381,4762.229599835351
"hdfs",false,2848407847,6891.10966918245
"hdfs",false,2824173540,7559.416017696261
"hdfs",false,2403779104,6667.945030275732
"hdfs",false,2419143940,6058.370083663613
"hdfs",false,2188166908,5404.571276966482
"hdfs",false,2307533844,6085.549264796078
"hdfs",false,2840812129,6955.384455990046
"hdfs",false,3197757944,7624.884039245546
"hdfs",false,2933252266,7134.779278996168
"hdfs",false,2930616096,6672.145834315568
"hdfs",false,2598965730,5258.625863477588
"hdfs",false,2233431045,5328.668893717229
"hdfs",false,2747625125,7237.058494575322
"hdfs",false,2469643650,6651.631556803361
"hdfs",false,2421906603,5787.189226683229
"hdfs",false,2786958543,6384.656432073563
"hdfs",false,2516519804,5744.93831734173
"hdfs",false,2735188127,6884.963574439287
"hdfs",false,2520669628,6315.636467628181
"hdfs",false,2422602064,5744.137087889016
"hdfs",false,2941051743,6624.0446333400905
"hdfs",false,3046763177,6716.539748214185
"hdfs",false,1861969837,3943.7206300757825
"hdfs",false,2166402077,4981.624789647758
"hdfs",false,1866398291,4326.0782490074635
"hdfs",false,1758855902,4369.721678178757
"hdfs",false,2276031930,6172.622733213007
"hdfs",false,2857447241,6502.466966949403
"hdfs",false,2365443116,5732.960457678884
"hdfs",false,2914056330,7355.9689163044095
"hdfs",false,2146317429,5425.749319870025
"hdfs",false,2561035144,6362.194486152381
"hdfs",false,3029748768,5739.422564521432
"hdfs",false,2113101695,5133.354843638837
"hdfs",false,2047377152,4775.528000559658
"hdfs",false,2615939585,6484.149586815387
"hdfs",false,2911043757,6748.9103137254715
"hdfs",false,2351317310,5465.906401485205
"hdfs",false,3014807424,7651.605810083449
"hdfs",false,2161508220,4829.857941500843
"hdfs",false,1904811070,4555.3742869812995
"hdfs",false,2743638947,7070.479238495231
"hdfs",false,2609431546,6746.419623143971
"hdfs",false,3089987575,7062.700876785908
"hdfs",false,2627059208,7127.057417076081
"hdfs",false,2300240456,5821.018621686846
"hdfs",false,3364589773,8733.598547533154
"hdfs",false,2352082299,5848.345690265298
"hdfs",false,2838018068,6748.25707501173
"hdfs",false,2382644461,5972.524378627539
"hdfs",false,2801610798,6576.657085055951
"hdfs",false,2389078070,5228.837518874556
"hdfs",false,2335697475,5921.205211699009
"hdfs",false,2739632555,7202.425180528313
"hdfs",false,3242141112,7030.066946402192
"hdfs",false,2545952291,5920.24787088111
"hdfs",false,2781351732,6264.605918396264
"hdfs",false,2721127940,6170.810506653041
"hdfs",false,2657458695,6856.785358238965
"hdfs",false,2352614030,5416.628749474883
"hdfs",false,2581192079,6764.037893533707
"hdfs",false,2382002935,5793.434777736664
"hdfs",false,3367517137,7298.853927936405
"hdfs",false,2622177016,6622.6078406898305
"hdfs",false,2305882062,5300.892877351493
"hdfs",false,3287790019,7255.082533106208
"hdfs",false,3021474241,6413.275856439024
"hdfs",false,2962919459,7004.260093644261
"hdfs",false,2833898428,6540.141213610768
"hdfs",false,2518525383,6711.855447802693
"hdfs",false,2230213557,5749.138225462288
"hdfs",false,2923729949,7372.786979213357
"hdfs",false,3507300194,8286.892911307514
"hdfs",false,2134342121,5588.498903661966
"hdfs",false,2559386591,6647.935257848352
"hdfs",false,2322187109,5609.865419831127
"hdfs",false,2488341627,5854.515171460807
"hdfs",false,2870183857,6350.916277419776
"hdfs",false,2813762753,6580.418446626514
"hdfs",false,2697213276,6579.654891368002
"hdfs",false,2862461956,6054.624714497477
"hdfs",false,2323558742,5878.585249722004
"hdfs",false,2526258843,5776.983375355601
"hdfs",false,2075995166,5457.333449199796
"hdfs",false,2016224435,5597.839188337093
"hdfs",false,2989971121,7946.013091664761
"hdfs",false,2631932375,7041.1194217167795
"hdfs",false,2863693200,7279.119796123356
"hdfs",false,2864134334,6652.047980364412
"hdfs",false,2296684639,5181.987010627985
"hdfs",false,2706013868,6943.035532094538
"hdfs",false,1995781647,5052.531476981938
"hdfs",false,2723584835,7121.45816398412
"hdfs",false,2734648172,7150.884114190936
"hdfs",false,2934504542,7267.894515901804
"hdfs",false,3228161919,7164.757173661143
"hdfs",false,2907172457,7647.248260779306
"hdfs",false,1896926809,4712.871329121292
"hdfs",false,2191500255,5078.40415070951
"hdfs",false,3056200232,6455.9957337118685
"hdfs",false,1905685924,4877.190208926797
"hdfs",false,2699413870,6552.270657803863
"hdfs",false,2019358509,4872.94292999059
"hdfs",false,2961090579,7960.81263114512
"hdfs",false,2528918620,6978.065773382783
"hdfs",false,2521918745,6016.951256193221
"hdfs",false,2440121429,5659.821557082236
"hdfs",false,1954340094,4996.819671836216
"hdfs",false,2836013269,6621.744487848133
"hdfs",false,2774379619,6771.742889650166
"hdfs",false,2514509159,4692.2162340171635
"hdfs",false,3068431440,7584.201470840722
"hdfs",false,2643099198,7449.572561386973
"hdfs",false,2699271465,6736.739294055849
"hdfs",false,2067390317,6101.849416218698
"hdfs",false,2493987336,6311.791045673192
"hdfs",false,2707716043,7837.050994519144
"hdfs",false,3073761348,7895.534302704036
"hdfs",false,2465545533,6072.148131527007
"hdfs",false,2797992825,6708.525529835373
"hdfs",false,2801136445,7014.658455565572
"hdfs",false,2098906510,3997.8371922113
"hdfs",false,2955237770,7077.413933198899
"hdfs",false,2869108867,6807.812593325973
"hdfs",false,2797144639,7551.502522237599
"hdfs",false,2594351211,6427.843690242618
"hdfs",false,2588499432,7045.203791953623
"hdfs",false,2847989447,6544.409858942032
"hdfs",false,2433933355,6846.612430205569
"hdfs",false,2316380122,5465.693191021681
"hdfs",false,2449315273,6805.741024248302
"hdfs",false,2273257722,5362.803730670363
"hdfs",false,1982564027,3590.833536375314
"hdfs",false,2510910305,6932.678387381136
"hdfs",false,3270538869,8352.843955475837
"hdfs",false,1999618732,5103.610797308385
"hdfs",false,2609447578,6995.462249822915
"hdfs",false,1999768753,5293.367914374918
"hdfs",false,2654363059,7530.175965875387
"hdfs",false,2485201039,6073.027001168579
"hdfs",false,3327720524,8176.216552741826
"hdfs",false,2784754013,6545.9462899155915
"hdfs",false,2625834074,6596.6333660930395
"hdfs",false,3394299373,7391.057384353131
"hdfs",false,2951806519,7458.309251558036
"hdfs",false,2317848970,5467.173412755132
"hdfs",false,2387022294,5837.381035160273
"hdfs",false,1930087601,4974.419707335532
"hdfs",false,2557866382,6105.127815321088
"hdfs",false,2261329384,5836.613290861249
"hdfs",false,2577319371,6909.198911032174
"hdfs",false,2460069904,6023.437629509717
"hdfs",false,2695531383,6582.973451830447
"hdfs",false,2718657908,6272.318909000605
"hdfs",false,2401928170,4528.766705825925
"hdfs",false,3043793239,7885.609646048397
"hdfs",false,2491969571,6620.602759897709
"hdfs",false,2304549477,6571.067521713674
"hdfs",false,3018283253,7499.81646380946
"hdfs",false,2807274066,7476.6581366844475
"hdfs",false,2778334754,7510.864693000913
"hdfs",false,2113786998,5445.35068904981
"hdfs",false,2509465367,6066.676546151983
"hdfs",false,2412432832,5971.2480050474405
"hdfs",false,2374952481,6539.505819439888
"hdfs",false,2734670461,5798.8043628670275
"hdfs",false,2312700217,6176.081268452108
"hdfs",false,2261029662,5857.444045610726
"hdfs",false,2594766337,7172.695299074054
"hdfs",false,2876230558,6870.698652733117
"hdfs",false,2752661622,6761.316190164536
"hdfs",false,2675904697,7168.388223322108
"hdfs",false,2241265945,6186.453974422067
"hdfs",false,2600851848,7181.420226488262
"hdfs",false,2526260388,6455.966004166752
"hdfs",false,2186899561,5332.644586607814
"hdfs",false,2349448434,5234.111300799996
"hdfs",false,2273095683,4070.8556508906186
"hdfs",false,2940927853,7841.109853561968
"hdfs",false,2921544845,6519.115917753428
"hdfs",false,2616369906,6820.1278708688915
"hdfs",false,2747713802,7581.467715527862
"hdfs",false,2914889697,6981.34169093892
"hdfs",false,2833890974,6733.673753023148
"hdfs",false,2909526017,6084.467432253063
"hdfs",false,2978561029,7086.688471026719
"hdfs",false,2446842539,6106.5201592333615
"hdfs",false,2725209859,6783.758218035102
"hdfs",false,2658787770,5851.105669796467
"hdfs",false,2561818839,6501.7122576497495
"hdfs",false,3057293193,8090.568292796612
"hdfs",false,2770842721,6718.939231034368
"hdfs",false,2557189806,6187.590036787093
"hdfs",false,3186055324,7289.919377882034
"hdfs",false,2538821436,5698.565407786518
"hdfs",false,2105328240,5314.993969725911
"hdfs",false,1829293292,4498.2528613470495
"hdfs",false,2195120789,5117.739626459777
"hdfs",false,2054772891,6198.714219857007
"hdfs",false,2994262414,6599.576824456453
"hdfs",false,2602474490,5822.896126627922
"hdfs",false,2136720568,5588.493237875402
"hdfs",false,2891680911,7810.560829542577
"hdfs",false,2205747603,5848.0949226133525
"hdfs",false,2314694952,6372.490990661085
"hdfs",false,3218051189,6754.479408759624
"hdfs",false,2810374108,6868.665955644101
"hdfs",false,2456069195,6379.911043591797
"hdfs",false,2455933882,6604.054934762418
"hdfs",false,2403339553,6751.949980106205
"hdfs",false,2459685613,4956.581240002066
"hdfs",false,2704407731,6495.975820161402
"hdfs",false,3438606889,7257.076318126172
"hdfs",false,2565420259,6610.622876111418
"hdfs",false,2774804344,7593.6045676879585
"hdfs",false,2429771279,6261.623389184475
"hdfs",false,3049219889,7670.486103262752
"hdfs",false,2571714592,6040.754698604345
"hdfs",false,2383389535,5865.300890557468
"hdfs",false,2255114603,5845.406053755432
"hdfs",false,2735784480,7259.878189511597
"hdfs",false,3332070147,7265.49491270259
"hdfs",false,2522761039,6343.0640996694565
"hdfs",false,2086793009,5389.565618481487
"hdfs",false,2796710543,6920.196720752865
"hdfs",false,2664351953,6626.688662739471
"hdfs",false,2653555531,6696.116069469601
"hdfs",false,2781469605,6866.300995655358
"hdfs",false,2925544393,6639.473081756383
"hdfs",false,2976723650,7074.165124125779
"hdfs",false,3195648354,7813.287578262389
"hdfs",false,2770853250,6858.320468090475
"hdfs",false,3295505663,7690.585423775017
"hdfs",false,2512750875,6124.894306662027
"hdfs",false,2781102085,7342.4796486496925
"hdfs",false,2335498226,6161.13209727034
"hdfs",false,2117750225,4798.324215393513
"hdfs",false,3045105703,6863.40305836685
"hdfs",false,2484252448,5873.681260649115
"hdfs",false,2878018132,7687.480565000325
"hdfs",false,1974850657,4844.321983065456
"hdfs",false,2587847198,6493.036414269358
"hdfs",false,2259591115,5530.18433945626
"hdfs",false,2337279805,5353.033136248589
"hdfs",false,2607268085,6351.62243656069
"hdfs",false,2706200938,6473.636001728475
"hdfs",false,3186052857,7346.753990016878
"hdfs",false,2323070025,5816.47741798684
"hdfs",false,3153466155,7193.8880769349635
"hdfs",false,2443933528,5988.324708770961
"hdfs",false,2542445896,6498.568767186254
"hdfs",false,2670919200,7184.2576406523585
"hdfs",false,2601752044,6431.349704168737
"hdfs",false,2294930721,5308.497619841248
"hdfs",false,2493315498,5199.765867233276
"hdfs",false,3696566217,8250.398451741785
"hdfs",false,3139945973,7410.0573938041925
"hdfs",false,2074426314,5386.8010236769915
"hdfs",false,2469340395,6384.681664336473
"hdfs",false,2960105670,7761.840746708214
"hdfs",false,2625355308,6550.759038414806
"hdfs",false,3058352121,7545.217872813344
"hdfs",false,2794253209,7601.483347442001
"hdfs",false,2649745960,6605.979300014675
"hdfs",false,2812881819,7106.877422146499
"hdfs",false,2463700642,5555.9057984910905
"hdfs",false,2963720143,6706.248157262802
"hdfs",false,3455060789,7542.35010664165
"hdfs",false,1846461725,4389.516187496483
"hdfs",false,2542580748,6651.280172929168
"hdfs",false,2699206499,6108.444415930659
"hdfs",false,2246933007,5060.93669308722
"hdfs",false,2778688237,7106.335651047528
"hdfs",false,2900924807,6472.467814587057
"hdfs",false,2563572106,6399.968471805798
"hdfs",false,3047746132,7267.506795614958
"hdfs",false,2559746432,5711.92380223982
"hdfs",false,3119556351,7403.837940134108
"hdfs",false,2686419992,6790.548006914556
"hdfs",false,2520551282,6096.008031394333
"hdfs",false,3208825019,7462.5001984499395
"hdfs",false,1971512527,5063.584308184683
"hdfs",false,1834731240,4525.236612267792
"hdfs",false,2474763856,5817.081186957657
"hdfs",false,2993329380,6551.014193754643
"hdfs",false,3062984079,7258.326297607273
"hdfs",false,3122179915,7071.398628816009
"hdfs",false,2579325728,5897.1834412924945
"hdfs",false,2227517607,4609.355936501175
"hdfs",false,2544417328,6717.141958646476
"hdfs",false,2442263588,5816.159611567855
"hdfs",false,1978440071,4697.749156545848
"hdfs",false,3019400370,6540.478094801307
"hdfs",false,2510900488,5684.343015741557
"hdfs",false,2398714795,5397.442912314087
"hdfs",false,2748137809,7457.045041933656
"hdfs",false,2004177115,5291.859868127853
"hdfs",false,3123065939,7139.501147773117
"hdfs",false,2890726965,7345.509168744087
"hdfs",false,2484708911,4973.452438365668
"hdfs",false,2670752866,6906.115652315319
"hdfs",false,2277489921,5606.1254078522325
"hdfs",false,3130932652,7386.756499193609
"hdfs",false,2983440416,7669.939394427463
"hdfs",false,3222315856,6960.634893331677
"hdfs",false,2527333064,6373.238876499236
"hdfs",false,2799943546,7103.763489063829
"hdfs",false,2765658541,6594.877833466977
"hdfs",false,2883654405,7090.320580139756
"hdfs",false,2749838530,6458.829267900437
"hdfs",false,2498578591,5793.367702815682
"hdfs",false,2723193366,6720.386799212545
"hdfs",false,2411560876,6266.514303728938
"hdfs",false,2447107336,6198.210861120373
"hdfs",false,3343960467,7314.973334103823
"hdfs",false,2680587794,6206.841457508504
"hdfs",false,2837319789,5897.319838743657
"hdfs",false,3115383140,6507.781792158959
"hdfs",false,2322408453,5896.445995561779
"hdfs",false,2562612132,6769.117824114859
"hdfs",false,3349296233,7078.807050168514
"hdfs",false,2439674837,5013.296962212771
"hdfs",false,2669927779,6282.8078657542355
"hdfs",false,3049322502,6546.446980774403
"hdfs",false,3067914722,7579.594918087125
"hdfs",false,2746615087,7399.259633805603
"hdfs",false,3085078428,6522.9471942558885
"hdfs",false,2893183908,7028.601633042097
"hdfs",false,2825964005,6503.373135514557
"hdfs",false,3010853191,6865.22424716875
"hdfs",false,2900625438,6917.683398269117
"hdfs",false,2734432641,6434.714782424271
"hdfs",false,2958790608,6173.8403637595475
"hdfs",false,2553609177,6587.976320561022
"hdfs",false,1947495538,4730.26165529713
"hdfs",false,2411599065,5658.761829003692
"hdfs",false,2842494758,6489.090061213821
"hdfs",false,2595536131,6287.44244159013
"hdfs",false,2679576123,6933.82698145695
"hdfs",false,2931787123,7022.200284529477
"hdfs",false,3062916892,6948.758951190859
"hdfs",false,2214561215,5816.05366724357
"hdfs",false,3543942064,7631.338184677064
"hdfs",false,2433292719,5260.713656973094
"hdfs",false,2389840742,6068.580705594271
"hdfs",false,2712419681,6299.064458750188
"hdfs",false,2981199617,7162.662360463291
"hdfs",false,2655052742,6361.204948179424
"hdfs",false,2556963426,6286.183621611446
"hdfs",false,2920014035,7130.338196776807
"hdfs",false,2950218173,7359.348242100328
"hdfs",false,3012839231,6780.052432388067
"hdfs",false,3080676618,6771.69412182644
"hdfs",false,2972024854,7464.902193505317
"hdfs",false,2425422659,5230.755164394155
"hdfs",false,3563068882,7488.375354975462
"hdfs",false,2915255037,6912.558238014579
"hdfs",false,2732888694,7200.720124289393
"hdfs",false,3035830003,7093.532295577228
"hdfs",false,2210390699,5466.6909273304045
"hdfs",false,2980167805,7085.1164911054075
"hdfs",false,3213056194,6579.333616007119
"hdfs",false,2713537878,6875.582348141819
"hdfs",false,2767388964,6722.267907064408
"hdfs",false,3034620086,6650.364924043417
"hdfs",false,2645603941,5118.364246089011
"hdfs",false,2957819414,6620.464445559774
"hdfs",false,3065890241,6108.180499963462
"hdfs",false,2727604904,6177.776377271861
"hdfs",false,3023085350,6981.147274360061
"hdfs",false,2798529954,6928.366999052465
"hdfs",false,1030324936,2686.1321407929063
"hdfs",false,3087995446,7691.693388283253
"hdfs",false,2936582539,7051.35386987403
"hdfs",false,3160866299,7457.264934118837
"hdfs",false,3118155128,7467.037150543183
"hdfs",false,2633257711,6089.044707009103
"hdfs",false,2805845688,6690.850064184517
"hdfs",false,2479465478,6368.605715595186
"hdfs",false,2642483206,6741.048352126032
"hdfs",false,2787150525,6826.532370425761
"hdfs",false,3508200737,8005.7709938474
"hdfs",false,2910043935,6602.8687349669635
"hdfs",false,2931972078,7782.178423618898
"hdfs",false,3037014285,7438.154923867434
"hdfs",false,2555450376,6074.640622776002
"hdfs",false,2241866990,5328.869828548282
"hdfs",false,2292218233,5318.185369588435
"hdfs",false,2356738244,5678.506578763016
"hdfs",false,3024023539,7018.695042356849
"hdfs",false,3084103168,7201.3121434524655
"hdfs",false,2204847262,6384.841908924282
"hdfs",false,3116528499,6971.421168163419
"hdfs",false,2175779242,5374.811442762613
"hdfs",false,2877155952,6674.317402880639
"hdfs",false,2726739888,6295.44143890962
"hdfs",false,3223252257,6920.239229142666
"hdfs",false,2935891787,6417.46726089716
"hdfs",false,3436934874,7922.764990646392
"hdfs",false,2670086462,5752.569081079215
"hdfs",false,2810671088,6095.44379901886
"hdfs",false,3458728473,6970.962148107588
"hdfs",false,3256016728,6997.7746381908655
"hdfs",false,3316718096,7276.645528815687
"hdfs",false,3342760279,6552.417316769017
"hdfs",false,2594030765,5706.939228039235
"hdfs",false,3092582754,7240.781199876219
"hdfs",false,2549251233,5930.538764376193
"hdfs",false,3046376486,6825.515051156282
"hdfs",false,3166811432,7787.059865925461
"hdfs",false,3246213634,7729.843807190657
"hdfs",false,3221517894,6696.523798722774
"hdfs",false,2072138080,5534.930217731744
"hdfs",false,2646561150,6055.6725674420595
"hdfs",false,3023284311,6878.5747445598245
"hdfs",false,3434055760,7173.30005332455
"hdfs",false,2571313042,5946.284959249198
"hdfs",false,2785231819,5806.915782384574
"hdfs",false,2189055889,4484.533164832741
"hdfs",false,2745865059,4899.112758383155
"hdfs",false,3107969157,6453.315575879067
"hdfs",false,2935366621,6435.5221131034195
"hdfs",false,2627352548,5485.024864304811
"hdfs",false,2910110248,6301.975575789809
"hdfs",false,2608299318,5726.399905767292
"hdfs",false,2333750466,4879.649040660122
"hdfs",false,2653345568,5757.881748568267
"hdfs",false,2631450737,5289.029550466919
"hdfs",false,2093113353,3938.8092619888484
"hdfs",false,2661957521,5263.855936452746
"hdfs",false,2636486642,5898.246800199151
"hdfs",false,2436016416,5771.92189428024
"hdfs",false,3024610747,5656.568487713113
"hdfs",false,2741409275,5363.838629659265
"hdfs",false,3020637345,6162.319087672979
"hdfs",false,3015860035,6426.547330208123
"hdfs",false,2187464154,4910.135955871083
"hdfs",false,2870225577,5896.96737595275
"hdfs",false,2811212181,5760.738895200193
"hdfs",false,3109161798,6234.037737675011
"hdfs",false,2488964446,5435.531375478953
"hdfs",false,2516212399,4956.151894759387
"hdfs",false,2470620115,5327.2624484132975
"hdfs",false,3007747295,5685.111239288002
"hdfs",false,2585459917,5168.956410638988
"hdfs",false,2157133184,4779.315232198685
"hdfs",false,2777425502,5524.718799274415
"hdfs",false,2749762684,5536.652697507292
"hdfs",false,2504932171,5666.504097551107
"hdfs",false,2755551440,5542.285959651694
"hdfs",false,2638534086,4908.03380772844
"hdfs",false,2673054725,4763.655580289662
"hdfs",false,2741542714,5389.165564570576
"hdfs",false,2730733260,5010.899292614311
"hdfs",false,2158005300,3749.2489482574165
"hdfs",false,3068581573,5797.295273970813
"hdfs",false,2410934203,5040.634822413325
"hdfs",false,2633761226,5365.9177271313965
"hdfs",false,2966125962,5852.445456694812
"hdfs",false,3047632917,5821.873779498041
"hdfs",false,2417763672,5413.5278791077435
"hdfs",false,3131444118,5792.477329526097
"hdfs",false,2874760854,5521.473189096898
"hdfs",false,2378484721,4352.752374727279
"hdfs",false,2495042257,4900.346447113901
"hdfs",false,2389834698,4005.587234519422
"hdfs",false,2177781925,4538.774902381003
"hdfs",false,2875194346,5235.051483854651
"hdfs",false,2605187156,5142.398689683527
"hdfs",false,2209846120,4670.013738755137
"hdfs",false,2426848113,4118.304817974567
"hdfs",false,2420386829,4593.813628215343
"hdfs",false,2916647220,5852.3959274590015
"hdfs",false,2189922996,4558.928716655821
"hdfs",false,831114077,1827.2497896030545
"hdfs",false,2629312303,5545.360248833895
"hdfs",false,2144004586,3493.6518180062994
"hdfs",false,2588395871,5631.286828201264
"hdfs",false,2748785915,5285.591660972685
"hdfs",false,3037325045,5962.276122238487
"hdfs",false,3020567937,5173.790960174054
"hdfs",false,2899298504,6147.229405399412
"hdfs",false,3017763578,6097.7106471806765
"hdfs",false,3017906889,5738.587673354894
"hdfs",false,3275428610,6520.683955010027
"hdfs",false,3343610907,6358.298687644303
"hdfs",false,2872776222,5586.579044446349
"hdfs",false,2961078914,6771.233290106058
"hdfs",false,3091885858,6015.105156257749
"hdfs",false,3025698090,5978.021915089339
"hdfs",false,2473689089,5128.87776446715
"hdfs",false,2931498792,4882.58215714246
"hdfs",false,2873002402,5673.24342038855
"hdfs",false,3180500134,5796.650980483741
"hdfs",false,2867374350,5886.593315642327
"hdfs",false,2592156266,5091.3031095303595
"hdfs",false,3165458924,5658.841031562537
"hdfs",false,3019642557,5578.28105224669
"hdfs",false,2168508539,3640.338819988072
"hdfs",false,2544765624,4744.570345565677
"hdfs",false,2452097684,4975.095615405589
"hdfs",false,3184035849,5964.938880477101
"hdfs",false,3264312427,5739.874898415059
"hdfs",false,2995322045,5436.06386725232
"hdfs",false,2956848231,5893.742486868054
"hdfs",false,2580655053,5558.3443120233715
"hdfs",false,2327469372,4774.070201862603
"hdfs",false,3146921657,5842.645200874656
"hdfs",false,3134312563,5579.644910544157
"hdfs",false,2297262398,3714.075113210827
"hdfs",false,2826183678,6135.379451736808
"hdfs",false,2273811956,5001.970849512145
"hdfs",false,2578203178,5404.780959324911
"hdfs",false,3208551770,6109.81796310097
"hdfs",false,2799762677,5297.2740370593965
"hdfs",false,2938781593,5916.67783267796
"hdfs",false,3311262354,5768.9954711943865
"hdfs",false,2614603552,4934.844868607819
"hdfs",false,2749164267,5208.055955927819
"hdfs",false,2588439816,4899.853146754205
"hdfs",false,3335816886,6251.37658637017
"hdfs",false,3072618296,5550.701452575624
"hdfs",false,2955008199,5484.057213462889
"hdfs",false,2462273760,4661.771008886397
"hdfs",false,3020389872,5607.795176379383
"hdfs",false,2784891580,5444.614134874195
"hdfs",false,2596182512,4950.561900455505
"hdfs",false,2214735240,4067.7371691688895
"hdfs",false,2361247458,4409.966216608882
"hdfs",false,3079150634,5530.789177183062
"hdfs",false,2492717121,5012.906086422503
"hdfs",false,3063942468,5183.826895421138
"hdfs",false,2401456385,4256.781874224544
"hdfs",false,3014468869,5522.521276134998
"hdfs",false,3305696845,5608.777671869844
"hdfs",false,2056620044,3796.0329340696335
"hdfs",false,2699548505,5346.491377592087
"hdfs",false,2728080210,5432.860369767994
"hdfs",false,2553715152,5096.127673819661
"hdfs",false,3104069302,5737.259064074606
"hdfs",false,2299251902,4115.336699355394
"hdfs",false,2830308181,4905.664199192077
"hdfs",false,3290090720,6053.446148954332
"hdfs",false,2790648541,5919.327200721949
"hdfs",false,2936188226,5002.649321297882
"hdfs",false,3303737818,5504.811597470194
"hdfs",false,2335650197,4913.68615029566
"hdfs",false,2841434976,5808.081865809858
"hdfs",false,2399314883,4248.842617794871
"hdfs",false,3274645570,6163.694606028497
"hdfs",false,3109063397,5852.804417353123
"hdfs",false,2763071205,4918.243720643222
"hdfs",false,3387783688,6037.358102753758
"hdfs",false,2786724991,5173.002247311175
"hdfs",false,2330279160,4553.9223307184875
"hdfs",false,2858836859,5410.88756994158
"hdfs",false,3421037768,6245.035670448095
"hdfs",false,3249658240,5863.097077026963
"hdfs",false,2927859908,5333.559322517365
"hdfs",false,2825801170,5018.2708321549
"hdfs",false,3430163636,6173.871219918132
"hdfs",false,2926319283,5342.7097030440345
"hdfs",false,2719397302,5191.554284181446
"hdfs",false,1944616054,4221.5242485925555
"hdfs",false,3215140369,5490.716970779002
"hdfs",false,2331422578,4515.978879589587
"hdfs",false,2632354341,5249.408882893622
"hdfs",false,2805933112,5303.613533705939
"hdfs",false,2135055645,4797.015932645649
"hdfs",false,2240151947,4550.829734712839
"hdfs",false,3150698301,5586.171707358211
"hdfs",false,2939085375,5233.766181062907
"hdfs",false,3227610802,5550.727173220366
"hdfs",false,1342711524,2642.276862267405
"hdfs",false,2504417461,4649.639583570883
"hdfs",false,2294293868,4235.793865017593
"hdfs",false,3068425982,6308.401634927839
"hdfs",false,2374340479,4272.115391861647
"hdfs",false,2912219809,4821.659029379487
"hdfs",false,3337977027,5970.9199334047735
"hdfs",false,3427914727,5949.630508910865
"hdfs",false,3106300653,5690.252561416477
"hdfs",false,2815431222,4987.164498496801
"hdfs",false,1710016836,3127.4302665777504
"hdfs",false,2837225753,4737.583206575364
"hdfs",false,2688109425,4546.814039956778
"hdfs",false,2425823122,4077.4060026183724
"hdfs",false,2553024950,5296.198125161231
"hdfs",false,2339982738,4274.722727626562
"hdfs",false,2196546879,3452.7979837544262
"hdfs",false,2413756197,3626.272483125329
"hdfs",false,2180904700,3748.758866433054
"hdfs",false,2118376505,4090.007245287299
"hdfs",false,2295802135,4447.380044911057
"hdfs",false,2049310876,3724.661190893501
"hdfs",false,2899750614,4972.652875121683
"hdfs",false,2946059345,4854.791957665235
"hdfs",false,2111941352,4129.617457862943
"hdfs",false,2445212148,4707.024805568159
"hdfs",false,2364855239,4321.809485666454
"hdfs",false,2316746509,4357.265668652952
"hdfs",false,2150299891,4242.531255658716
"hdfs",false,1964159204,3944.387645650655
"hdfs",false,1953977780,3907.7288178503513
"hdfs",false,2283876256,4553.7680354630575
"hdfs",false,2069815109,4200.57312008366
"hdfs",false,2263134195,4377.613487042487
"hdfs",false,1767084720,3626.604656301439
"hdfs",false,2626128131,4419.5935166068375
"hdfs",false,2349076925,5419.963747367263
"hdfs",false,2309940504,4444.622480977327
"hdfs",false,2527554361,4384.846051800996
"hdfs",false,1937705357,3463.479571029544
"hdfs",false,1955366098,3364.6675206571817
"hdfs",false,2134780409,3815.2508948147297
"hdfs",false,1601538565,3406.100672606379
"hdfs",false,1414614209,2581.5982244946063
"hdfs",false,1755463898,3381.441521245986
"hdfs",false,293928252,742.6094247922301
"hdfs",false,2382816892,4239.31128320843
"hdfs",false,2630652662,5047.76688535884
"hdfs",false,2736159918,6357.057678680867
"hdfs",false,2177529475,3958.310770828277
"hdfs",false,2689044710,4636.203097335994
"hdfs",false,3002783996,5339.111491449177
"hdfs",false,2979178131,5540.501505549997
"hdfs",false,3266290244,5138.900701660663
"hdfs",false,2720606810,5272.708225611597
"hdfs",false,2897400411,5407.767983261496
"hdfs",false,2610124966,5157.443063247949
"hdfs",false,2989671013,4877.920797747094
"hdfs",false,2699725889,4663.396931011695
"hdfs",false,2302355277,4126.7341792322695
"hdfs",false,2826553263,4605.291472952813
"hdfs",false,2856884871,4978.326540354639
"hdfs",false,2537734261,4628.614454910159
"hdfs",false,2968740679,5267.607161588967
"hdfs",false,2988829010,5500.405352085829
"hdfs",false,2586279535,4296.605768848211
"hdfs",false,2480139809,4517.471879888326
"hdfs",false,2593073844,4150.995748229325
"hdfs",false,1992795401,3167.3106998689473
"hdfs",false,2508466546,4140.574441857636
"hdfs",false,2607125976,4660.3880700059235
"hdfs",false,2530847081,4559.283566534519
"hdfs",false,3046512446,6342.356215290725
"hdfs",false,2537997493,4958.428082332015
"hdfs",false,2908058909,5883.222227834165
"hdfs",false,2574356266,5129.833732884377
"hdfs",false,2488926623,5543.001006249338
"hdfs",false,2896252885,7250.225329209119
"hdfs",false,2295355525,4541.679169420153
"hdfs",false,1974983725,3514.82122118026
"hdfs",false,2408171197,4600.184811554849
"hdfs",false,2811677863,5691.646583396941
"hdfs",false,2692873091,5359.659528445452
"hdfs",false,1923231529,3475.0297690555453
"hdfs",false,2140040420,4069.5389454669785
"hdfs",false,2746915345,5376.385214615613
"hdfs",false,2436386047,4518.333336200565
"hdfs",false,2941605641,5466.1081189103425
"hdfs",false,3197210955,7838.477449592203
"hdfs",true,2944738885,6910.620048236102
"hdfs",true,2069818897,3617.8459869623184
"hdfs",true,2810697703,5428.563946835697
"hdfs",true,2651864330,5267.760716523975
"hdfs",true,2378955853,4484.199734084308
"hdfs",true,2520734643,5062.219771571457
"hdfs",true,2769922491,5462.051684100181
"hdfs",true,2811951193,5813.632285561413
"hdfs",true,1870666517,3403.223327804357
"hdfs",true,2549406644,5182.096248298883
"hdfs",true,2306318037,4690.575521431863
"hdfs",true,2486215168,5351.170788194984
"hdfs",true,2000467172,3663.2719712257385
"hdfs",true,2050445273,3711.400425978005
"hdfs",true,2512574352,5080.7489279173315
"hdfs",true,3090011871,6667.44687974453
"hdfs",true,3048099754,6787.331484608352
"hdfs",true,3193337997,4351.6572714187205
"hdfs",true,2377530343,6334.619757652283
"hdfs",true,2837827541,6230.4768954105675
"hdfs",true,1393492921,2505.817502736114
"hdfs",true,2315908541,5028.938622631133
"hdfs",true,2183797296,4645.822185423225
"hdfs",true,3032286989,6132.464196659625
"hdfs",true,2397507955,5912.94031335786
"hdfs",true,2761999649,5836.219336908311
"hdfs",true,1977122259,4636.076177667826
"hdfs",true,2321456799,5582.8052694574
"hdfs",true,3254865306,6961.719161462039
"hdfs",true,2410943486,4852.590280896053
"hdfs",true,2861352624,6130.013183537871
"hdfs",true,3073179818,6794.2083907313645
"hdfs",true,2200790720,5328.532688818872
"hdfs",true,2939856967,6300.630191838834
"hdfs",true,2248450801,4960.0364730507135
"hdfs",true,2724074163,6307.837602570653
"hdfs",true,3066295114,6917.805464599282
"hdfs",true,1612857383,2128.373212441802
"hdfs",true,2015543742,4389.697649780661
"hdfs",true,2501350829,6125.872709479183
"hdfs",true,2592461825,5601.7548808045685
"hdfs",true,2394237273,5101.681026093662
"hdfs",true,2160697143,6495.813245091587
"hdfs",true,2390135294,6279.151264619082
"hdfs",true,2419398422,3338.8254237808287
"hdfs",true,2086217809,5339.354019418359
"hdfs",true,2691394103,5870.759945392609
"hdfs",true,2697665875,6408.371093567461
"hdfs",true,2566504884,5637.001054171473
"hdfs",true,2014951129,4182.23636501655
"hdfs",true,1973139944,4336.896423343569
"hdfs",true,1834399416,4211.724898528308
"hdfs",true,2410791653,5327.069769714028
"hdfs",true,2657397063,5761.688632402569
"hdfs",true,2179646200,4873.920729674399
"hdfs",true,2691850487,6116.1418104581535
"hdfs",true,2643884243,5967.397667609155
"hdfs",true,2503807882,5710.458501556888
"hdfs",true,2694501903,6203.618994913995
"hdfs",true,2491548109,5740.693352844566
"hdfs",true,2282995581,4505.035420134664
"hdfs",true,2515529979,6183.8855308406055
"hdfs",true,2574741408,5700.871660716366
"hdfs",true,2753361009,6023.016067322344
"hdfs",true,2620973029,6133.5829652398825
"hdfs",true,2126279259,5109.336717538536
"hdfs",true,3297695015,6456.436133141862
"hdfs",true,2622652363,5770.525469817221
"hdfs",true,2754435373,6337.522276602685
"hdfs",true,2496979587,5089.6790111018345
"hdfs",true,2530958051,5587.405154615641
"hdfs",true,2399132704,5334.474742922932
"hdfs",true,2838812554,6849.381888110191
"hdfs",true,2225083887,5625.580971777439
"hdfs",true,2935306989,6120.340819269419
"hdfs",true,2584011579,5635.054569181055
"hdfs",true,2888417660,7071.975455380976
"hdfs",true,2439388783,5732.361298702657
"hdfs",true,2379959688,5490.051758825779
"hdfs",true,2872965655,6203.017903991044
"hdfs",true,2075914075,4887.108982149512
"hdfs",true,2558202424,5292.079554475844
"hdfs",true,2343848770,5349.240444201976
"hdfs",true,2679820179,5934.865432869643
"hdfs",true,2454328198,5374.0381917357445
"hdfs",true,2637914529,5869.8036491163075
"hdfs",true,2363913540,5527.438017908484
"hdfs",true,3041583776,6196.192032167688
"hdfs",true,2593130868,5841.347266104072
"hdfs",true,1771900405,3826.792534790933
"hdfs",true,2750348816,6288.705534145236
"hdfs",true,2119660541,5206.287370279431
"hdfs",true,2039997595,4348.120261754375
"hdfs",true,3153591106,6526.611738014966
"hdfs",true,2768887610,6201.379292946309
"hdfs",true,2969534551,6487.148829121143
"hdfs",true,2672763758,6399.230552583933
"hdfs",true,2615943607,5661.327084202319
"hdfs",true,2524445099,5199.280818253756
"hdfs",true,2185145731,4957.55595016852
"hdfs",true,2650470143,5513.24763276428
"hdfs",true,2871554342,5838.324732735753
"hdfs",true,2865272544,6754.000883359462
"hdfs",true,2422603145,5313.354867554037
"hdfs",true,2973973685,7320.580668374896
"hdfs",true,2497080381,4843.5629508737475
"hdfs",true,2403779104,5927.957646004856
"hdfs",true,2188166908,5407.5180896781385
"hdfs",true,3197757944,7227.489686634392
"hdfs",true,2930616096,5857.862490680069
"hdfs",true,2598965730,5064.607024781406
"hdfs",true,2233431045,5037.761621277779
"hdfs",true,2747625125,6107.603790488094
"hdfs",true,2469643650,5702.837766837329
"hdfs",true,2421906603,5409.301456220448
"hdfs",true,2786958543,5857.086649619043
"hdfs",true,2516519804,5782.9969475492835
"hdfs",true,2735188127,6389.241313893348
"hdfs",true,2520669628,5804.502709891647
"hdfs",true,2422602064,5610.711521402001
"hdfs",true,2941051743,6106.776626735926
"hdfs",true,3046763177,6425.820913299918
"hdfs",true,1861969837,4636.279011435807
"hdfs",true,2166402077,4970.185791838914
"hdfs",true,1866398291,4496.126346301287
"hdfs",true,1758855902,4150.804332060274
"hdfs",true,2276031930,5352.271190170199
"hdfs",true,2857447241,6154.370011169463
"hdfs",true,2365443116,5064.100793033838
"hdfs",true,2914056330,5929.585886348039
"hdfs",true,2146317429,5458.669514149427
"hdfs",true,2561035144,5847.966641116887
"hdfs",true,3029748768,5832.871907006949
"hdfs",true,2911043757,6714.469118282199
"hdfs",true,3089987575,6789.9718441152945
"hdfs",true,2627059208,6204.384564150125
"hdfs",true,2300240456,5229.882526030997
"hdfs",true,2382644461,5341.872744847089
"hdfs",true,2801610798,6815.097212210298
"hdfs",true,2335697475,5279.726671744138
"hdfs",true,2739632555,6047.49767357856
"hdfs",true,3242141112,6734.426237095147
"hdfs",true,2545952291,5381.702082589269
"hdfs",true,2781351732,5712.232950210571
"hdfs",true,2721127940,5558.5553266741335
"hdfs",true,2657458695,5412.977209795266
"hdfs",true,2352614030,5481.364517126232
"hdfs",true,2581192079,6342.052394114435
"hdfs",true,2382002935,5524.917820841074
"hdfs",true,3367517137,6562.3719907179475
"hdfs",true,2622177016,5549.414580874145
"hdfs",true,2305882062,5245.09073010087
"hdfs",true,3287790019,6624.12411678955
"hdfs",true,3021474241,7145.981044113636
"hdfs",true,2962919459,6291.428722877055
"hdfs",true,2833898428,6091.480932461098
"hdfs",true,2518525383,5400.067986018956
"hdfs",true,2230213557,5142.535520501435
"hdfs",true,2923729949,5915.799598108977
"hdfs",true,3507300194,6853.115179043263
"hdfs",true,2134342121,5780.6484057456255
"hdfs",true,2559386591,5629.537019655108
"hdfs",true,2322187109,5472.862025346607
"hdfs",true,2488341627,6020.151048373431
"hdfs",true,2870183857,6574.510237891227
"hdfs",true,2526258843,5115.1126637212
"hdfs",true,2075995166,6025.383061647415
"hdfs",true,2864134334,6948.828800719231
"hdfs",true,2723584835,5967.828251086175
"hdfs",true,2734648172,7107.474308293313
"hdfs",true,3228161919,6579.215807463974
"hdfs",true,2907172457,5849.8419525921345
"hdfs",true,2191500255,5122.746100792196
"hdfs",true,3056200232,6269.2658255063
"hdfs",true,1905685924,5042.022242423147
"hdfs",true,2699413870,5776.2255992256105
"hdfs",true,2019358509,4549.7229925990105
"hdfs",true,2961090579,6324.124298874289
"hdfs",true,2528918620,6125.050501637161
"hdfs",true,2521918745,5992.749858953059
"hdfs",true,2440121429,5302.867104841396
"hdfs",true,1954340094,4871.344412796199
"hdfs",true,2836013269,6181.369377851486
"hdfs",true,2774379619,6017.974169842899
"hdfs",true,2514509159,4832.134255491197
"hdfs",true,3068431440,6293.450755696744
"hdfs",true,2643099198,6028.087990812957
"hdfs",true,2699271465,5737.597379853018
"hdfs",true,2067390317,4921.843499042094
"hdfs",true,2493987336,5329.484694950283
"hdfs",true,2707716043,6724.214660074562
"hdfs",true,3073761348,6475.515378497541
"hdfs",true,2465545533,5641.275274641812
"hdfs",true,2797992825,5927.582292411476
"hdfs",true,2801136445,6265.719083592296
"hdfs",true,2098906510,4502.445863235742
"hdfs",true,2588499432,6559.277939576656
"hdfs",true,1982564027,3908.1077328808606
"hdfs",true,3270538869,6633.189945930149
"hdfs",true,1999618732,4857.366419792175
"hdfs",true,2609447578,6388.671351246536
"hdfs",true,2654363059,5638.535013444722
"hdfs",true,2485201039,5286.974341254681
"hdfs",true,2625834074,5649.236641224474
"hdfs",true,3394299373,7251.886315215379
"hdfs",true,2951806519,6324.876991536468
"hdfs",true,2317848970,5155.580737493932
"hdfs",true,2387022294,4909.309552259743
"hdfs",true,1930087601,4828.162656374276
"hdfs",true,2557866382,5577.177978534251
"hdfs",true,2261329384,5251.886925492436
"hdfs",true,2577319371,5705.612368846079
"hdfs",true,2460069904,5605.286262381822
"hdfs",true,2695531383,5758.025896843523
"hdfs",true,2718657908,5462.971146248281
"hdfs",true,2401928170,4589.013471387327
"hdfs",true,3043793239,6413.7328474372625
"hdfs",true,2491969571,5522.007096748799
"hdfs",true,2304549477,5230.970743801445
"hdfs",true,3018283253,6805.284975588322
"hdfs",true,2807274066,6015.783789917827
"hdfs",true,2778334754,6202.157667592168
"hdfs",true,2113786998,5147.555245399475
"hdfs",true,2509465367,5455.452430173755
"hdfs",true,2412432832,5761.8147175349295
"hdfs",true,2734670461,5495.2773481830955
"hdfs",true,2876230558,6717.732200387865
"hdfs",true,2186899561,4797.465238553006
"hdfs",true,2273095683,3106.0191197916865
"hdfs",true,2940927853,6063.074263993651
"hdfs",true,2921544845,6750.36766666919
"hdfs",true,2747713802,5631.013673067093
"hdfs",true,2914889697,5644.274168778211
"hdfs",true,2978561029,6391.0212547034025
"hdfs",true,2446842539,5301.107990726829
"hdfs",true,2725209859,5760.703426990658
"hdfs",true,2658787770,6255.592998635024
"hdfs",true,2561818839,5153.9215738885105
"hdfs",true,2770842721,6076.546296622604
"hdfs",true,2557189806,5784.817162644118
"hdfs",true,3186055324,6236.538745407015
"hdfs",true,2538821436,5227.648470951943
"hdfs",true,2105328240,4835.860012706369
"hdfs",true,1829293292,4334.419383015484
"hdfs",true,2195120789,4635.917712923139
"hdfs",true,2054772891,5379.001132179052
"hdfs",true,2602474490,5034.006934791803
"hdfs",true,2136720568,4822.6189837530255
"hdfs",true,2891680911,7033.906209144741
"hdfs",true,2205747603,5255.61119030416
"hdfs",true,2314694952,5515.517784487456
"hdfs",true,3218051189,5887.168857675046
"hdfs",true,2810374108,5594.452785227448
"hdfs",true,2456069195,5627.702979840338
"hdfs",true,2565420259,6119.989695981145
"hdfs",true,2383389535,4904.558784175664
"hdfs",true,2255114603,5170.281493231654
"hdfs",true,2735784480,6778.649109158665
"hdfs",true,3332070147,7512.150237496942
"hdfs",true,2086793009,4527.075383011252
"hdfs",true,2796710543,5580.663549333811
"hdfs",true,2925544393,5679.6414581649005
"hdfs",true,2976723650,5950.350370723754
"hdfs",true,3195648354,6187.388885524124
"hdfs",true,2770853250,5881.574810013175
"hdfs",true,2781102085,6093.999042447656
"hdfs",true,2335498226,5561.3392033055425
"hdfs",true,2117750225,4582.785759555176
"hdfs",true,3045105703,5801.548768189037
"hdfs",true,2484252448,5334.895905006677
"hdfs",true,2878018132,6245.990122433752
"hdfs",true,1974850657,4434.733527876437
"hdfs",true,2587847198,5624.392650496215
"hdfs",true,2259591115,4579.02882566303
"hdfs",true,2607268085,5601.173738203943
"hdfs",true,2706200938,5913.558117400855
"hdfs",true,3186052857,5812.626056775451
"hdfs",true,2323070025,5333.647145878524
"hdfs",true,2443933528,4802.237483289093
"hdfs",true,2542445896,5874.626428950578
"hdfs",true,2670919200,5676.806799162179
"hdfs",true,3139945973,6651.491458117962
"hdfs",true,2625355308,5489.009335200768
"hdfs",true,3058352121,6465.432237546891
"hdfs",true,2794253209,6458.356284096837
"hdfs",true,2812881819,5319.391305167228
"hdfs",true,2463700642,3489.5972424410284
"hdfs",true,2963720143,5422.58851692453
"hdfs",true,1846461725,4088.422706604004
"hdfs",true,2778688237,5873.727837782353
"hdfs",true,2900924807,5864.333016584162
"hdfs",true,2563572106,5650.691365394741
"hdfs",true,3047746132,6184.365102540702
"hdfs",true,3119556351,5833.095491051674
"hdfs",true,2520551282,5606.338545560837
"hdfs",true,3208825019,6341.282035708427
"hdfs",true,1971512527,4753.955246148631
"hdfs",true,1834731240,4101.190348915756
"hdfs",true,2474763856,4924.002811390907
"hdfs",true,3062984079,6134.960397917777
"hdfs",true,3122179915,5744.035126063973
"hdfs",true,2544417328,5879.121339447796
"hdfs",true,2442263588,5052.884355273098
"hdfs",true,1978440071,4413.339874368161
"hdfs",true,3019400370,5312.489777680486
"hdfs",true,2510900488,4920.781273089349
"hdfs",true,2398714795,4629.49314262718
"hdfs",true,2890726965,6539.046711135656
"hdfs",true,3130932652,6027.798925060779
"hdfs",true,3222315856,5916.883460739162
"hdfs",true,2527333064,5215.403888385743
"hdfs",true,2799943546,6230.654387038201
"hdfs",true,2883654405,5533.284309692681
"hdfs",true,2749838530,5565.687532730401
"hdfs",true,2723193366,5330.7790421284735
"hdfs",true,2447107336,5003.472036540508
"hdfs",true,3115383140,5386.818340847967
"hdfs",true,2322408453,4767.063513055444
"hdfs",true,2562612132,5462.530724257231
"hdfs",true,3349296233,6208.810155536979
"hdfs",true,3049322502,6226.61014990136
"hdfs",true,3067914722,6548.675771649927
"hdfs",true,2746615087,5908.700784161687
"hdfs",true,3085078428,6189.010448303074
"hdfs",true,2825964005,5710.1140554100275
"hdfs",true,3010853191,5685.372985225171
"hdfs",true,2900625438,5764.497332226485
"hdfs",true,2734432641,5934.235129125416
"hdfs",true,2958790608,3952.448247052729
"hdfs",true,2553609177,5645.954905163497
"hdfs",true,1947495538,4496.135322716087
"hdfs",true,2411599065,4846.928872626275
"hdfs",true,2842494758,5455.816279809922
"hdfs",true,2595536131,5242.876330219209
"hdfs",true,2931787123,5450.6242287531495
"hdfs",true,2433292719,5435.444483462721
"hdfs",true,2389840742,5560.621397476643
"hdfs",true,2655052742,5297.235517993569
"hdfs",true,2556963426,5425.202179662883
"hdfs",true,2920014035,6103.902853805572
"hdfs",true,2950218173,6793.517850007862
"hdfs",true,3080676618,5710.261705879122
"hdfs",true,2972024854,5484.626122776419
"hdfs",true,2425422659,5301.047003857791
"hdfs",true,3563068882,6348.96543604997
"hdfs",true,2915255037,5350.6931871809065
"hdfs",true,2732888694,5324.950657341629
"hdfs",true,3213056194,5859.475434135646
"hdfs",true,3034620086,6069.686283282936
"hdfs",true,2645603941,5048.260471243877
"hdfs",true,2957819414,5620.139780379832
"hdfs",true,3065890241,5663.027083661407
"hdfs",true,2727604904,5361.454118389636
"hdfs",true,3023085350,5588.085570886731
"hdfs",true,2798529954,5660.342637680471
"hdfs",true,3087995446,6573.823584143072
"hdfs",true,2936582539,6052.66204180941
"hdfs",true,3160866299,6135.534282259643
"hdfs",true,3118155128,6250.267602678388
"hdfs",true,2633257711,5344.539916045964
"hdfs",true,2805845688,5897.688976563513
"hdfs",true,2479465478,5586.2568144463
"hdfs",true,2642483206,5686.606627639383
"hdfs",true,2787150525,5804.370995979756
"hdfs",true,3508200737,7129.3304895833135
"hdfs",true,2292218233,5328.285693451762
"hdfs",true,3436934874,7386.790156401694
"hdfs",true,2670086462,5845.896195780486
"hdfs",true,3246213634,7297.7733289934695
"hdfs",true,2935366621,6407.878500459716
"hdfs",true,3024610747,5744.906598966569
"hdfs",true,3007747295,6070.344418331981
"hdfs",true,2158005300,3787.069151263684
"hdfs",true,2389834698,4219.462664924562
"hdfs",true,2144004586,3981.540773576591
"hdfs",true,2961078914,6766.15572546795
"hdfs",true,2168508539,3792.7127936072648
"hdfs",true,2297262398,4038.7421298734844
"hdfs",true,2826183678,3702.524910438806
"hdfs",true,3072618296,5634.898533165455
"hdfs",true,2401456385,4485.14639917016
"hdfs",true,2790648541,5562.769991289824
"hdfs",true,2330279160,4258.703803129494
"hdfs",true,2331422578,4385.974770896137
"hdfs",true,3068425982,5868.976059064269
"hdfs",true,2553024950,4898.474441587925
"hdfs",true,2445212148,4531.302948795259
"hdfs",true,2349076925,5740.455360610038
"hdfs",true,1992795401,3642.6216403841972
"hdfs",true,3046512446,3749.4780304580927
"hdfs",true,2408171197,4814.982932370156
"hdfs",true,2811677863,5714.060166809708
"hdfs",true,2692873091,4981.918587754946
"hdfs",true,1923231529,3395.734902076423
"hdfs",true,2140040420,4242.664412997663
"hdfs",true,2746915345,5609.28466302529
"hdfs",true,2436386047,4719.899391513318
"hdfs",true,2941605641,5769.745280407369
"hdfs",true,3197210955,4778.604487430304
"zfs",false,2182851484,4999.310202840716
"zfs",false,3246213634,7717.91447923705
"zfs",false,2321456799,5485.4250075779855
"zfs",false,1973139944,4389.390510525554
"zfs",false,2488926623,5339.220534533262
"zfs",false,2811951193,6266.1230626404285
"zfs",false,2826183678,6078.3248037062585
"zfs",false,2191500255,5830.91412634775
"zfs",false,2498578591,5668.795644354075
"zfs",false,1999618732,5394.871207151562
"zfs",false,2888417660,6872.606999397278
"zfs",false,2852902350,6038.052506092936
"zfs",false,1974983725,3741.1379622891545
"zfs",false,2574741408,6434.79495318234
"zfs",false,2349076925,5585.87594198063
"zfs",false,2276031930,6074.60905457288
"zfs",false,2514509159,4663.15527843684
"zfs",false,1971512527,5679.151518661529
"zfs",false,2516519804,6621.072507183999
"zfs",false,2579325728,6184.867222871631
"zfs",false,2549406644,5710.4644754342735
"zfs",false,2724074163,6622.832727447152
"zfs",false,3021474241,6962.4382988624275
"zfs",false,2425422659,5281.654373139143
"zfs",false,2485201039,6194.042838267982
"zfs",false,2753680403,6702.512956935912
"zfs",false,2930616096,6729.850143574178
"zfs",false,2433235953,5729.115961764939
"zfs",false,2316380122,5803.526273854077
"zfs",false,2158005300,3884.4209335818887
"zfs",false,2179646200,5486.804388251156
"zfs",false,2747625125,6700.0924006178975
"zfs",false,2521918745,6162.53207128495
"zfs",false,2050445273,3851.9983836635947
"zfs",false,1923231529,3384.2525711022317
"zfs",false,2132634831,4546.062819141895
"zfs",false,1861969837,4605.3251966536045
"zfs",false,2401928170,5083.067767310888
"zfs",false,2152171494,4899.784796062857
"zfs",false,2941605641,5909.0077868029475
"zfs",false,2382644461,5909.151162106544
"zfs",false,2590292393,5749.175461806357
"zfs",false,2322187109,5474.238871484995
"zfs",false,3072618296,5711.719727735966
"zfs",false,2524445099,6135.117886144668
"zfs",false,2067390317,5455.494993973523
"zfs",false,2387022294,6199.398164153099
"zfs",false,2363913540,5367.916380595416
"zfs",false,2994262414,6969.904018864036
"zfs",false,2305394877,5024.175384372473
"zfs",false,2394237273,5654.229061033577
"zfs",false,2497080381,4751.452846988104
"zfs",false,2351317310,5561.062754120678
"zfs",false,2128430099,5360.867457743734
"zfs",false,2168508539,3799.8568469919264
"zfs",false,1992795401,3597.6044554188848
"zfs",false,2837827541,6285.560009140521
"zfs",false,1829293292,4775.563466183841
"zfs",false,2944738885,7320.730728879571
"zfs",false,2307533844,5759.95965764299
"zfs",false,2651833532,5218.252210427076
"zfs",false,2343848770,5960.828980311751
"zfs",false,2337279805,5386.711583793163
"zfs",false,2390135294,5942.450283370912
"zfs",false,2522761039,5957.0683550313115
"zfs",false,2300240456,5358.969948016107
"zfs",false,2390209919,5836.473182506859
"zfs",false,2331422578,4775.522963501513
"zfs",false,2465545533,6241.684364337474
"zfs",false,2146317429,5559.787920422852
"zfs",false,2557189806,5912.3915853351355
"zfs",false,2509465367,6079.737667519599
"zfs",false,2651864330,5084.22402947396
"zfs",false,2697665875,6255.923717733473
"zfs",false,2133146599,5372.587366376072
"zfs",false,3089987575,6696.635148640722
"zfs",false,2526258843,6041.3428622968495
"zfs",false,2113101695,5234.372462909669
"zfs",false,2294930721,5143.808620523661
"zfs",false,3032286989,6703.949010167271
"zfs",false,2305882062,5380.348204728216
"zfs",false,3046512446,6048.330813027918
"zfs",false,2838018068,6776.788154616952
"zfs",false,2572579779,5576.619700096548
"zfs",false,2683976564,6303.37747868523
"zfs",false,2436386047,4741.327350776643
"zfs",false,2401456385,4334.415820196271
"zfs",false,2615943607,6871.714132864028
"zfs",false,2488341627,6284.896572206169
"zfs",false,1930087601,5406.657301377505
"zfs",false,2658787770,5649.476071551442
"zfs",false,2592461825,6638.129537627101
"zfs",false,3048099754,6972.9225936457515
"zfs",false,2246933007,5759.103684641421
"zfs",false,2297262398,4078.5479559898376
"zfs",false,2871554342,5922.496994689107
"zfs",false,2377530343,5956.531390646473
"zfs",false,2302355277,4628.303349882364
"zfs",false,2304549477,6186.235227461904
"zfs",false,2339367691,4715.576278824359
"zfs",false,2105328240,5291.512758016586
"zfs",false,2188166908,5853.461186695844
"zfs",false,2296684639,5324.767032511532
"zfs",false,2457007436,4647.027664586902
"zfs",false,2292218233,5445.08747047931
"zfs",false,2460069904,6250.059973843396
"zfs",false,2679820179,6498.631322409958
"zfs",false,3295505663,7933.533640902489
"zfs",false,2422602064,6432.102165751159
"zfs",false,2086793009,5132.393044617027
"zfs",false,2512663637,6671.05831066519
"zfs",false,2805564807,6594.005598317832
"zfs",false,2561035144,6035.906282898039
"zfs",false,3068425982,6440.185832653195
"zfs",false,2378955853,4512.8624026961625
"zfs",false,2113786998,5613.784993223846
"zfs",false,2259591115,5700.566463101655
"zfs",false,2848407847,6570.963681641966
"zfs",false,2694501903,6135.881735764444
"zfs",false,3029748768,5828.9500237852335
"zfs",false,2075995166,5394.368802484125
"zfs",false,2047377152,4792.252843230963
"zfs",false,2530847081,5182.0590780079365
"zfs",false,2183797296,4665.675381120294
"zfs",false,2622177016,6600.5792067945
"zfs",false,2205747603,5854.528942409903
"zfs",false,2501146985,5941.24336130172
"zfs",false,2935366621,6756.718404915184
"zfs",false,1834399416,4253.359220556915
"zfs",false,2574356266,5368.049925293773
"zfs",false,1977122259,4494.568043936044
"zfs",false,2352614030,6191.451215971261
"zfs",false,1870666517,3536.830482110381
"zfs",false,2861352624,7211.787798427045
"zfs",false,2484708911,5184.940721862018
"zfs",false,2439388783,5723.874483447522
"zfs",false,1896926809,5299.103628568351
"zfs",false,2736159918,6746.032154232264
"zfs",false,2295355525,4496.899048276246
"zfs",false,3020515272,6586.897400099784
"zfs",false,2383389535,5514.234202741645
"zfs",false,1834731240,4697.322362681851
"zfs",false,2857447241,6714.556536838412
"zfs",false,3056200232,6478.124165393412
"zfs",false,2515529979,6435.961779922247
"zfs",false,2630652662,5654.734276652336
"zfs",false,2559746432,5685.832677423954
"zfs",false,1905685924,5712.092250209302
"zfs",false,2306318037,5268.466203261167
"zfs",false,2248450801,5044.438867919147
"zfs",false,2433292719,5597.568414852023
"zfs",false,2494021169,6220.216968614608
"zfs",false,2273095683,4321.147732503712
"zfs",false,2195824852,4947.286566589028
"zfs",false,2389834698,4042.079791981727
"zfs",false,2609431546,6424.46628992632
"zfs",false,2510900488,5475.300404603593
"zfs",false,2545952291,6555.0954795219
"zfs",false,2691850487,6320.385419271886
"zfs",false,831114077,1603.2979476600885
"zfs",false,2233431045,5234.087039973587
"zfs",false,2512574352,5016.756592944264
"zfs",false,2335697475,6422.981813427061
"zfs",false,2635011620,6509.12609109655
"zfs",false,2692873091,5332.320978701115
"zfs",false,2126279259,5983.806433785707
"zfs",false,2166402077,5591.5438194945455
"zfs",false,2330279160,4618.749347250909
"zfs",false,2622652363,6769.042871847749
"zfs",false,2734670461,6113.498085070401
"zfs",false,2801610798,6669.787783574313
"zfs",false,2376397317,6475.371879030019
"zfs",false,2015543742,5075.52952561155
"zfs",false,2317848970,5731.848091673106
"zfs",false,2637914529,5728.495094176382
"zfs",false,2459685613,5269.037628877908
"zfs",false,1947495538,4945.80635965243
"zfs",false,1393492921,2541.7855111062527
"zfs",false,2508466546,4573.283026088029
"zfs",false,2503807882,6124.619086571038
"zfs",false,2530958051,6631.734843309969
"zfs",false,2872965655,6683.309530943632
"zfs",false,2323558742,6286.384253371507
"zfs",false,1904811070,4227.2742990627885
"zfs",false,2840812129,6848.4946168623865
"zfs",false,1995781647,5240.7657217644155
"zfs",false,3193337997,7357.329011332244
"zfs",false,2810697703,5509.316107239574
"zfs",false,2160697143,6275.014228660613
"zfs",false,2446842539,6039.120354857296
"zfs",false,2261329384,5796.517762999982
"zfs",false,2558202424,5552.7103142514825
"zfs",false,2493315498,5049.5765812397
"zfs",false,2445212148,4784.59614302218
"zfs",false,2119660541,5541.945354387164
"zfs",false,2493987336,5907.8267778120935
"zfs",false,2394292985,6036.4531265692785
"zfs",false,2074426314,5680.21164227277
"zfs",false,2379959688,5735.899467617273
"zfs",false,2403779104,6647.724790882319
"zfs",false,2419398422,5260.75333565101
"zfs",false,2561818839,5730.666064657271
"zfs",false,2769922491,5796.356122456491
"zfs",false,2136720568,5733.277890183032
"zfs",false,2537997493,5286.130145415664
"zfs",false,2397507955,6088.628793291748
"zfs",false,2598965730,5147.754151403904
"zfs",false,2911043757,6407.383858278394
"zfs",false,2238883417,5606.166346419603
"zfs",false,2414971259,6189.863043848425
"zfs",false,2014951129,4344.709850855172
"zfs",false,1978440071,4632.0814389921725
"zfs",false,3242141112,7082.981576167047
"zfs",false,3007747295,6123.611571531743
"zfs",false,2156640709,4954.300768129528
"zfs",false,2670086462,5936.718506768346
"zfs",false,2439674837,5628.813642062247
"zfs",false,2853716439,6833.24065925926
"zfs",false,2935306989,5934.131456613541
"zfs",false,1974850657,4944.7828122749925
"zfs",false,2230213557,5571.871895290911
"zfs",false,2914056330,6826.625847168267
"zfs",false,2870183857,6663.274739973247
"zfs",false,2491548109,6078.370029360056
"zfs",false,2408171197,4646.22285662964
"zfs",false,2691394103,5944.604401383549
"zfs",false,2467101135,6137.771190855652
"zfs",false,2000467172,3914.209313802421
"zfs",false,2138250316,5343.520269792527
"zfs",false,2019358509,4964.8213686570525
"zfs",false,2584011579,5861.387306924909
"zfs",false,2645603941,5215.188066165894
"zfs",false,2186903100,5331.375993743539
"zfs",false,2200790720,5499.7887670733035
"zfs",false,2117750225,5145.348133679479
"zfs",false,2195120789,5093.505470521748
"zfs",false,2657397063,6096.875113077462
"zfs",false,2865272544,6764.980939231813
"zfs",false,2961078914,7034.60622997582
"zfs",false,2315592560,4560.774511426687
"zfs",false,2440121429,6211.724359575659
"zfs",false,1771900405,4550.950219325721
"zfs",false,2753361009,7245.031398549676
"zfs",false,2185145731,5870.50778246671
"zfs",false,2559386591,6283.04043835029
"zfs",false,1758855902,4601.6440242268145
"zfs",false,2098906510,4272.772555571049
"zfs",false,2121551783,4565.431695912033
"zfs",false,2140040420,4198.260672026314
"zfs",false,2566504884,5521.104039095342
"zfs",false,2685254823,6230.1946867108345
"zfs",false,3024610747,6114.055613567121
"zfs",false,1887920501,4300.863733699545
"zfs",false,3287790019,7169.712379660457
"zfs",false,2496979587,5213.114524524659
"zfs",false,2958790608,7015.820877224207
"zfs",false,2577073639,6051.21000257507
"zfs",false,2227517607,4690.719993188977
"zfs",false,2410943486,4838.7550466395915
"zfs",false,2282995581,4952.595181379467
"zfs",false,2518525383,6249.057155892253
"zfs",false,2365443116,5431.277398779988
"zfs",false,2864134334,6803.008011799306
"zfs",false,2704618205,5891.185780849308
"zfs",false,2811677863,5716.624770339578
"zfs",false,2086217809,4996.20365928486
"zfs",false,293928252,760.4745439328253
"zfs",false,2770476308,6966.878337088972
"zfs",false,2486215168,6170.8816703259945
"zfs",false,2520669628,6904.4215655475855
"zfs",false,2633257711,5666.346370771527
"zfs",false,1999768753,4965.734233178198
"zfs",false,2750284654,7064.516056269407
"zfs",false,2206301421,4593.669175826013
"zfs",false,2939856967,6425.505151897669
"zfs",false,2004177115,5030.072871252894
"zfs",false,2410791653,5383.3182592093945
"zfs",false,2422603145,5636.393323671073
"zfs",false,2144004586,3641.6746169924736
"zfs",false,3090011871,6379.810658328235
"zfs",false,2593130868,6669.523815341294
"zfs",false,2421906603,6681.962684694678
"zfs",false,1954340094,4946.360388241708
"zfs",false,2134342121,5307.6628091447055
"zfs",false,1866398291,4721.179597292095
"zfs",false,1982564027,4150.492731679231
"zfs",false,2620973029,7025.057554822415
"zfs",false,2650470143,6600.851881891489
"zfs",false,2746915345,5496.767996683717
"zfs",false,2294769590,5745.853358723223
"zfs",false,2349448434,5493.439889285713
"zfs",false,2790648541,5488.319924462587
"zfs",false,2715488424,6169.00801281631
"zfs",false,2389078070,6379.213961895555
"zfs",false,2186899561,5527.948313996196
"zfs",false,2501350829,6980.419592972845
"zfs",false,2454328198,5714.020617872477
"zfs",false,3332070147,7430.047047832981
"zfs",false,2607125976,4736.445417545736
"zfs",false,2643884243,6653.466571588069
"zfs",false,2315908541,5035.395717393607
"zfs",false,2750348816,6275.722891647369
"zfs",false,2862461956,6262.170011088252
"zfs",false,2161508220,5954.999595474452
"zfs",false,2273257722,6422.393670458347
"zfs",false,2399132704,6193.146679855883
"zfs",false,2905022571,6140.131340049207
"zfs",false,2069818897,3520.994929421693
"zfs",false,1751293168,4076.1310263089836
"zfs",false,2672167664,7309.12556379661
"zfs",false,2075914075,5277.187147170305
"zfs",false,2463700642,5672.5901586562395
"zfs",false,2553024950,5657.9227652437985
"zfs",false,2039997595,4863.322621643543
"zfs",false,2352082299,6229.463755004108
"zfs",false,2115471575,5079.182362303138
"zfs",false,2896252885,7357.39566751942
"zfs",false,2419143940,5704.852174241096
"zfs",false,1612857383,2833.789845906198
"zfs",false,2168101790,5362.355061400682
"zfs",false,2520734643,5016.900213621557
"zfs",false,1030324936,2774.194818403572
"zfs",false,2761999649,6174.99663740024
"zfs",false,2908058909,6272.879094067961
"zfs",false,2602474490,5957.691095445305
"zfs",false,1846461725,4350.239381372929
"zfs",false,1849836761,4259.898135691881
"zfs",false,2225083887,5728.746085062623
"zfs",false,3046763177,6568.127304777503
"zfs",false,2016224435,6089.477095309645
"zfs",false,2615939585,6377.161206353456
"zfs",false,2594351211,6576.1403497718275
"zfs",false,2443933528,6139.170009214431
"zfs",false,2398714795,5655.3539115563035
"zfs",false,2277489921,5733.784748710692
"zfs",false,2813762753,6716.673163186759
"zfs",false,3436934874,8067.091339047998
"zfs",false,2587847198,6076.670008793473
"zfs",false,2699271465,6659.491675686091
"zfs",false,3041583776,7191.383399069309
"zfs",false,2838812554,7363.737103633583
"zfs",false,2697213276,6746.261677410454
"zfs",false,2627059208,6876.468974340707
"zfs",false,2601752044,6016.058788400143
"zfs",false,2863693200,6616.61772627756
"zfs",false,2833898428,6812.5673817889765
"zfs",false,2933252266,7114.794803790748
"zfs",false,2616369906,6459.880881320685
"zfs",false,3394299373,8208.920118194073
"zfs",false,2625834074,6633.387795453891
"zfs",false,3066295114,7648.511544764042
"zfs",false,3197210955,8289.079280346632
"zfs",false,2382002935,6736.455934669822
"zfs",false,2797992825,6593.600395344198
"zfs",false,2718657908,6337.750496953726
"zfs",false,2721127940,6870.620858695358
"zfs",false,2403339553,6268.051603104919
"zfs",false,2588499432,6705.005616627634
"zfs",false,2210390699,5408.672374535352
"zfs",false,2469643650,7046.906169950962
"zfs",false,2261029662,6261.607908971608
"zfs",false,2695531383,6411.281168568879
"zfs",false,2323070025,6013.798207420856
"zfs",false,2455933882,6157.450159423053
"zfs",false,2657458695,6966.040877696127
"zfs",false,2672763758,7362.456744812429
"zfs",false,2925544393,6113.948217656463
"zfs",false,3197757944,7200.407693248242
"zfs",false,2538821436,6191.213872145861
"zfs",false,2557866382,6549.488314494491
"zfs",false,2707716043,6727.2768437713385
"zfs",false,2255114603,6092.943612720817
"zfs",false,2631932375,7317.337586432695
"zfs",false,2581192079,7509.234717022628
"zfs",false,2442263588,6194.126277122647
"zfs",false,2571714592,6475.957148928195
"zfs",false,2962919459,7456.395652517676
"zfs",false,2699413870,7285.269615840167
"zfs",false,2876230558,6810.747890885919
"zfs",false,2512750875,6650.814185228199
"zfs",false,2781351732,7280.924487378448
"zfs",false,2747713802,6825.676336941309
"zfs",false,2600851848,6599.667276609689
"zfs",false,2565420259,6592.88323251158
"zfs",false,2625355308,6160.273640919477
"zfs",false,2653555531,6515.369684807956
"zfs",false,2699206499,6579.014195777476
"zfs",false,2810374108,6700.477576978505
"zfs",false,2411599065,5924.924326556269
"zfs",false,2706013868,6992.643665466458
"zfs",false,2941051743,7472.8499511778355
"zfs",false,2577319371,6699.9645276628435
"zfs",false,2680587794,6131.274139571935
"zfs",false,2768887610,7528.017476236448
"zfs",false,2824173540,7642.214293539524
"zfs",false,2934504542,7156.529577679932
"zfs",false,2963720143,6326.773794852197
"zfs",false,2670752866,6240.34725318104
"zfs",false,2411560876,6202.243009522557
"zfs",false,3014807424,7063.562521602958
"zfs",false,2456069195,6515.349721975625
"zfs",false,3153591106,7704.811086423695
"zfs",false,2770842721,6775.6159305125475
"zfs",false,2734648172,7409.967231143266
"zfs",false,2921036722,7650.695893045515
"zfs",false,2797144639,6740.446620106697
"zfs",false,2544417328,6187.434020213783
"zfs",false,2609447578,6970.106182798743
"zfs",false,2883654405,6216.147210642695
"zfs",false,2786958543,7371.949606850743
"zfs",false,2594766337,6858.068749904633
"zfs",false,2909526017,6749.3522484488785
"zfs",false,2433933355,6814.513965591788
"zfs",false,2607268085,6474.832960370928
"zfs",false,2528918620,7019.564813405275
"zfs",false,2241265945,6517.693043995649
"zfs",false,2770853250,6619.990389440209
"zfs",false,2649745960,6292.277639336884
"zfs",false,2969534551,7761.581212569028
"zfs",false,3068431440,7245.648445315659
"zfs",false,2526260388,6727.580207277089
"zfs",false,2449315273,6790.043352287263
"zfs",false,2664351953,6295.379461735487
"zfs",false,2322408453,5846.754227062687
"zfs",false,2807274066,6855.174753628671
"zfs",false,2989971121,7416.58043531701
"zfs",false,2542580748,6288.944601558149
"zfs",false,2973973685,7465.4074708633125
"zfs",false,2955237770,6925.1174109093845
"zfs",false,3254865306,8107.690920263529
"zfs",false,2412432832,6579.530328720808
"zfs",false,2312700217,6634.70931000635
"zfs",false,2735188127,7273.928558688611
"zfs",false,2241866990,6055.253484871704
"zfs",false,2214561215,5831.161008942872
"zfs",false,2510910305,6800.270485334098
"zfs",false,2374952481,6995.640169497579
"zfs",false,2474763856,6055.840220279992
"zfs",false,2429771279,6443.613642349839
"zfs",false,2389840742,6093.083570338786
"zfs",false,2833890974,6517.6180656813085
"zfs",false,2054772891,6616.126129928976
"zfs",false,2335498226,6198.612344104797
"zfs",false,2847989447,7108.672473281622
"zfs",false,2675904697,7029.591716237366
"zfs",false,2921544845,6811.560419343412
"zfs",false,2704407731,6765.225950874388
"zfs",false,2754435373,7561.5500870049
"zfs",false,2643099198,6890.252041459084
"zfs",false,2794253209,6590.465969458222
"zfs",false,2447107336,6112.045175284147
"zfs",false,2314694952,6757.604169875383
"zfs",false,2784754013,6981.955965735018
"zfs",false,2723584835,7174.008166484535
"zfs",false,2491969571,6767.910057164729
"zfs",false,2725209859,6923.425456643105
"zfs",false,2469340395,6456.15161550045
"zfs",false,2907172457,7173.091846339405
"zfs",false,3073179818,8422.500354222953
"zfs",false,3045105703,7513.094300951809
"zfs",false,2669927779,6490.922736536711
"zfs",false,2749838530,6503.5198037698865
"zfs",false,2189055889,5077.783114109188
"zfs",false,2093113353,4933.46326668933
"zfs",false,2562612132,6999.049885168672
"zfs",false,2978561029,7550.808170050383
"zfs",false,2563572106,7050.792691670358
"zfs",false,2743638947,7808.228176340461
"zfs",false,2706200938,6713.325930871069
"zfs",false,3195648354,7224.977613162249
"zfs",false,2812881819,6967.778643127531
"zfs",false,2739632555,8158.9052178785205
"zfs",false,2923729949,7831.187539000064
"zfs",false,3297695015,8370.87408330664
"zfs",false,3119556351,6761.106150686741
"zfs",false,2420386829,3859.988747764379
"zfs",false,2774379619,7625.160506721586
"zfs",false,2723193366,6676.853252436966
"zfs",false,2890726965,7350.707851976156
"zfs",false,3018283253,8148.180818632245
"zfs",false,1414614209,2434.5519128255546
"zfs",false,2527333064,6634.744089078158
"zfs",false,3139945973,6809.733696942218
"zfs",false,3062984079,6980.794692095369
"zfs",false,2891680911,7568.129037089646
"zfs",false,2960105670,6831.755892828107
"zfs",false,2836013269,7671.32469246909
"zfs",false,2426848113,3846.117171227932
"zfs",false,2781469605,7443.7258567512035
"zfs",false,2842494758,7032.437929352745
"zfs",false,3123065939,7272.426827467978
"zfs",false,2734432641,7378.809693079442
"zfs",false,2727604904,6965.749165058136
"zfs",false,2177781925,4186.509106870741
"zfs",false,2837319789,6728.769803367555
"zfs",false,3073761348,7352.216531153768
"zfs",false,3122179915,6910.404181450605
"zfs",false,2187464154,4412.204699955881
"zfs",false,1342711524,2734.7208360917866
"zfs",false,3153466155,7245.00576210767
"zfs",false,2484252448,6779.108918078244
"zfs",false,2204847262,6529.790603701025
"zfs",false,2655052742,6927.643850099295
"zfs",false,2781102085,7783.938543897122
"zfs",false,2893183908,6983.031189676374
"zfs",false,3327720524,8177.187256511301
"zfs",false,2157133184,4561.52912312001
"zfs",false,3047746132,7508.904770322144
"zfs",false,2333750466,4824.038553539664
"zfs",false,2774804344,7630.761059373617
"zfs",false,2686419992,7385.093925841153
"zfs",false,3507300194,7820.808094207197
"zfs",false,3130932652,6602.115976087749
"zfs",false,3058352121,7659.705936733633
"zfs",false,2976723650,7060.050125014037
"zfs",false,2767388964,7223.174380578101
"zfs",false,2479465478,6831.814180430025
"zfs",false,3218051189,7061.913058962673
"zfs",false,2900924807,7046.904851701111
"zfs",false,2957819414,6865.6454374827445
"zfs",false,3186055324,7907.479570988566
"zfs",false,3043793239,7128.109083060175
"zfs",false,3364589773,7685.194110400975
"zfs",false,2799943546,6532.151972088963
"zfs",false,2735784480,7715.718319609761
"zfs",false,3228161919,7769.500738415867
"zfs",false,2798529954,7034.146231550723
"zfs",false,2679576123,7244.096261098981
"zfs",false,2810671088,6980.999377526343
"zfs",false,2542445896,6773.987292230129
"zfs",false,3270538869,7598.383605413139
"zfs",false,2993329380,7464.035187065601
"zfs",false,3049219889,7047.8886691741645
"zfs",false,2712419681,7323.227700278163
"zfs",false,2914889697,7448.135152246803
"zfs",false,2175779242,6161.8956880820915
"zfs",false,2654363059,7770.6418501883745
"zfs",false,2748137809,6662.839947678149
"zfs",false,3186052857,7147.944418679923
"zfs",false,2940927853,7701.188176780939
"zfs",false,2752661622,7090.798745777458
"zfs",false,3208825019,6804.962034739554
"zfs",false,3438606889,7687.884375505149
"zfs",false,3019400370,6701.947179619223
"zfs",false,2670919200,7175.9741907157
"zfs",false,3367517137,8404.424552891403
"zfs",false,2869108867,7991.12512601912
"zfs",false,2356738244,6275.144837443251
"zfs",false,2878018132,7344.050040662289
"zfs",false,2801136445,7716.350121892989
"zfs",false,2961090579,7448.816559910774
"zfs",false,2516212399,4522.659928381443
"zfs",false,2825964005,7221.637854548171
"zfs",false,2072138080,5590.370658352971
"zfs",false,2520551282,7016.367062844336
"zfs",false,2556963426,7015.3329368159175
"zfs",false,2983440416,7415.685217600316
"zfs",false,2951806519,8064.385212369263
"zfs",false,2189922996,3929.837006483227
"zfs",false,2778688237,6889.355011913925
"zfs",false,2796710543,6955.748592648655
"zfs",false,3115383140,7050.008395567536
"zfs",false,2765658541,7081.576098151505
"zfs",false,2778334754,7804.289103448391
"zfs",false,3057293193,7828.35065080598
"zfs",false,2595536131,6941.179312035441
"zfs",false,2713537878,7415.042434848845
"zfs",false,2642483206,7314.652848202735
"zfs",false,2900625438,7524.112206036225
"zfs",false,2931787123,7391.875732708722
"zfs",false,2273811956,4146.477441068739
"zfs",false,2488964446,5047.789718061686
"zfs",false,2410934203,4601.725155774504
"zfs",false,3455060789,7636.56821282953
"zfs",false,2661957521,5111.84001416713
"zfs",false,2732888694,7275.926295313984
"zfs",false,3343960467,7677.031103394926
"zfs",false,2811212181,4956.876144666225
"zfs",false,2605187156,4419.078159015626
"zfs",false,2673054725,4794.153105914593
"zfs",false,2746615087,7490.327133607119
"zfs",false,2555450376,7161.442631095182
"zfs",false,2627352548,5335.720642078668
"zfs",false,1944616054,3430.8062570914626
"zfs",false,2553609177,7446.603326411918
"zfs",false,3065890241,7471.66133441776
"zfs",false,2209846120,4491.832564175129
"zfs",false,2504932171,5783.466484878212
"zfs",false,3014468869,5329.7242184355855
"zfs",false,2150299891,3870.5317039601505
"zfs",false,3084103168,8314.633922891226
"zfs",false,2462273760,4277.355711169541
"zfs",false,3017763578,5570.670602735132
"zfs",false,2981199617,8033.920066740364
"zfs",false,2689044710,4662.454720407724
"zfs",false,2180904700,4161.01118548587
"zfs",false,2873002402,5800.565774422139
"zfs",false,3035830003,7757.465723168105
"zfs",false,3085078428,8228.743180179968
"zfs",false,2214735240,4415.984973467886
"zfs",false,2748785915,5428.597376380116
"zfs",false,2877155952,7526.79803254595
"zfs",false,2585459917,5447.893308617175
"zfs",false,2728080210,5208.725800503045
"zfs",false,2069815109,4006.958976406604
"zfs",false,2629312303,5684.835436731577
"zfs",false,2608299318,6166.549190834165
"zfs",false,3091885858,5873.17798699066
"zfs",false,2720606810,4521.229966389015
"zfs",false,2950218173,9008.527442123741
"zfs",false,2899750614,4845.430227544159
"zfs",false,3023284311,6506.593852303922
"zfs",false,2378484721,4672.80975792557
"zfs",false,1937705357,4204.518066611141
"zfs",false,3047632917,5771.381310991943
"zfs",false,2936188226,4865.694841891527
"zfs",false,2578203178,5607.459071096033
"zfs",false,2549251233,6151.112289845943
"zfs",false,2830308181,4559.448672801256
"zfs",false,2856884871,4308.730419877917
"zfs",false,3023085350,7556.474418219179
"zfs",false,2995322045,5212.911989998072
"zfs",false,3063942468,5402.81277500093
"zfs",false,3109161798,6012.210182931274
"zfs",false,2135055645,4267.142738383263
"zfs",false,2931972078,8392.060893739108
"zfs",false,2875194346,5816.235413298011
"zfs",false,3165458924,5538.928049080074
"zfs",false,2399314883,4339.920588649809
"zfs",false,2544765624,4845.326077222824
"zfs",false,2936582539,7948.273213028908
"zfs",false,3015860035,6603.522427231073
"zfs",false,2872776222,5446.549566920847
"zfs",false,2741542714,5725.263957481831
"zfs",false,3316718096,7433.572747737169
"zfs",false,2586279535,4240.537381421775
"zfs",false,1955366098,4081.256986990571
"zfs",false,2417763672,4726.166699692607
"zfs",false,2787150525,7694.017551485449
"zfs",false,3092582754,7236.884733539075
"zfs",false,2826553263,4332.423532295972
"zfs",false,2956848231,5454.444948453456
"zfs",false,2240151947,4087.90957666561
"zfs",false,2492717121,5025.356475718319
"zfs",false,2938781593,5185.778574477881
"zfs",false,3037014285,8924.348256147001
"zfs",false,3019642557,5432.166399676353
"zfs",false,3222315856,7816.175022348762
"zfs",false,3696566217,8127.147298697382
"zfs",false,1755463898,3371.4333089888096
"zfs",false,3087995446,8683.491204023361
"zfs",false,2452097684,4917.1827167496085
"zfs",false,3343610907,5834.484653003514
"zfs",false,1710016836,3446.7149260006845
"zfs",false,3256016728,7325.125501472503
"zfs",false,2730733260,5966.774773731828
"zfs",false,3062916892,8563.772594105452
"zfs",false,2755551440,5702.549298431724
"zfs",false,1964159204,3859.8274112269282
"zfs",false,3049322502,8031.088403062895
"zfs",false,2899298504,6015.527278136462
"zfs",false,2177529475,3666.781733762473
"zfs",false,2413756197,4497.456852283329
"zfs",false,2785231819,6462.947151623666
"zfs",false,2588439816,5282.343383390456
"zfs",false,2927859908,4751.569815915078
"zfs",false,3349296233,8005.070056851953
"zfs",false,2726739888,7979.037001898978
"zfs",false,2596182512,4598.534674014896
"zfs",false,2588395871,5040.099560204893
"zfs",false,2553715152,5120.618256613612
"zfs",false,2263134195,3985.9084193659946
"zfs",false,3213056194,7585.787612855434
"zfs",false,3012839231,8367.113797586411
"zfs",false,2495042257,4672.493437420577
"zfs",false,2049310876,3547.1024061627686
"zfs",false,2646561150,5979.088299617171
"zfs",false,2874760854,5787.374769411981
"zfs",false,2527554361,4140.769408304244
"zfs",false,2972024854,7896.596160262823
"zfs",false,2916647220,5700.130910992622
"zfs",false,2626128131,4275.90931601543
"zfs",false,2374340479,4109.053949169815
"zfs",false,3342760279,6713.4529893137515
"zfs",false,2935891787,8690.063933569938
"zfs",false,2327469372,4428.691418543458
"zfs",false,2614603552,4875.4907561689615
"zfs",false,2910043935,7782.100507775322
"zfs",false,2436016416,5699.343742221594
"zfs",false,2745865059,6246.020796455443
"zfs",false,2966125962,5819.242152750492
"zfs",false,2763071205,5035.845602601767
"zfs",false,1601538565,3382.4124690108
"zfs",false,3020637345,6367.321108300239
"zfs",false,2480139809,4113.181780103594
"zfs",false,3543942064,8723.48494078219
"zfs",false,2316746509,4044.8792287930846
"zfs",false,2688109425,4811.934256259352
"zfs",false,3020389872,5361.863721568137
"zfs",false,2294293868,4214.194893386215
"zfs",false,3024023539,8468.902959612198
"zfs",false,3160866299,8103.271439768374
"zfs",false,2339982738,4397.4298311807215
"zfs",false,3434055760,6791.581607079133
"zfs",false,2382816892,4059.7878363765776
"zfs",false,2592156266,5438.43119584769
"zfs",false,2631450737,5994.891942422837
"zfs",false,2470620115,5171.1148032434285
"zfs",false,2361247458,4594.989718601108
"zfs",false,3037325045,5519.05271467939
"zfs",false,3010853191,7987.975463859737
"zfs",false,2283876256,4549.5170725136995
"zfs",false,2749762684,5333.288196567446
"zfs",false,2299251902,3819.729570230469
"zfs",false,3046376486,6599.546335313469
"zfs",false,2931498792,5686.953725375235
"zfs",false,2910110248,6161.302116986364
"zfs",false,2118376505,3963.8766527548432
"zfs",false,3221517894,7216.8075534924865
"zfs",false,2920014035,8828.628442719579
"zfs",false,2364855239,4150.72437113896
"zfs",false,2638534086,5033.514848168939
"zfs",false,2056620044,4329.687585227191
"zfs",false,2425823122,4076.2650705054402
"zfs",false,2504417461,4204.886025484651
"zfs",false,2784891580,4739.003760755062
"zfs",false,3275428610,6005.656640835106
"zfs",false,3067914722,7957.770195189863
"zfs",false,3118155128,8261.185093704611
"zfs",false,2196546879,4258.399722341448
"zfs",false,2571313042,5746.818501140922
"zfs",false,2867374350,5652.401074107736
"zfs",false,2915255037,7677.783779654652
"zfs",false,2653345568,5494.360462669283
"zfs",false,2858836859,5028.255062520504
"zfs",false,3116528499,8869.36303281784
"zfs",false,1953977780,3527.605662211776
"zfs",false,3166811432,6774.505143914372
"zfs",false,2777425502,5107.700682980008
"zfs",false,3104069302,5129.082184266299
"zfs",false,2980167805,8007.571078214794
"zfs",false,2473689089,5123.254346311092
"zfs",false,2825801170,4329.577149704099
"zfs",false,2295802135,4006.362121209502
"zfs",false,2111941352,3724.8358791545033
"zfs",false,3131444118,5410.079833969474
"zfs",false,2335650197,4285.716925404966
"zfs",false,2309940504,4461.019772518426
"zfs",false,3080676618,8505.443352486938
"zfs",false,3034620086,7711.076178248972
"zfs",false,2799762677,5526.0963027998805
"zfs",false,2805845688,7637.827314864844
"zfs",false,1767084720,3646.2152469344437
"zfs",false,2912219809,4863.151904091239
"zfs",false,2594030765,6401.691778343171
"zfs",false,2870225577,5737.828388180584
"zfs",false,2632354341,4549.767329156399
"zfs",false,2580655053,5770.046412620693
"zfs",false,2636486642,5635.288740336895
"zfs",false,2633761226,5429.281099561602
"zfs",false,3107969157,6683.733845341951
"zfs",false,2134780409,3507.540339913219
"zfs",false,2741409275,5609.918476421386
"zfs",false,2593073844,4199.273617744446
"zfs",false,3458728473,7409.4823328740895
"zfs",false,3387783688,6211.2240230329335
"zfs",false,3249658240,5928.398493301123
"zfs",false,3335816886,5943.189633142203
"zfs",false,3146921657,5811.451011262834
"zfs",false,2926319283,5369.251254353672
"zfs",false,2699725889,4689.013751611114
"zfs",false,3427914727,5803.0920017287135
"zfs",false,3311262354,5594.1518870815635
"zfs",false,3068581573,6405.906480904669
"zfs",false,3227610802,5280.662769980729
"zfs",false,2837225753,5276.039826374501
"zfs",false,2989671013,4672.734581686556
"zfs",false,3303737818,5342.2128632850945
"zfs",false,3337977027,5287.133883204311
"zfs",false,3274645570,6259.86201402545
"zfs",false,2988829010,5415.948238324374
"zfs",false,3305696845,5533.962369836867
"zfs",false,2955008199,5506.434640031308
"zfs",false,2786724991,5299.912165444344
"zfs",false,3180500134,6273.866924326867
"zfs",false,3134312563,5759.7206492982805
"zfs",false,2719397302,5374.737118929625
"zfs",false,3025698090,6130.163474153727
"zfs",false,3266290244,4820.230932019651
"zfs",false,2841434976,5341.1053605265915
"zfs",false,2946059345,5205.586006578058
"zfs",false,3215140369,5570.590242814273
"zfs",false,3208551770,6183.022191219032
"zfs",false,2537734261,4615.208994485438
"zfs",false,2805933112,5073.605063021183
"zfs",false,2939085375,5597.815204821527
"zfs",false,3264312427,6110.579326901585
"zfs",false,3106300653,5193.597920872271
"zfs",false,2699548505,5410.253891926259
"zfs",false,3017906889,6295.164231650531
"zfs",false,3002783996,5265.433720357716
"zfs",false,3563068882,9543.72038910538
"zfs",false,3421037768,6006.648528989404
"zfs",false,3430163636,5523.019067391753
"zfs",false,2979178131,5117.683159317821
"zfs",false,3079150634,5766.258298892528
"zfs",false,3020567937,6134.790831167251
"zfs",false,2610124966,4932.556990329176
"zfs",false,2968740679,5255.663338132203
"zfs",false,3223252257,8966.322719073854
"zfs",false,3508200737,9078.273964963853
"zfs",false,2749164267,5688.807860743254
"zfs",false,3150698301,5273.620781105012
"zfs",false,3184035849,6205.500226583332
"zfs",false,2815431222,5205.532482828945
"zfs",false,3290090720,6393.252507701516
"zfs",false,2897400411,5907.965423755348
"zfs",false,3109063397,6677.946553971618
